name	Sigle	latitude	longitude	code
07330 Lichtentanne	sno195lic	50.5148915	11.4449456	1
07366 Blankenberg	sno372bla	50.4161554	11.5873432	2
07926 Gerbersreuth	sno374geb	50.4284558	11.8885719	3
07927 Ullersreuth	sno373ull	50.4263408	11.8068711	4
63741 Aschaffenburg	suf091abb	49.9754835	8.9888002	5
63755 Alzenau in Unterfranken	suf052alz	50.839081	8.9485793	6
63758 Rottenberg	suf073rob	50.395511	9.2149132	7
63762 Gro�ostheim	suf108gos	49.916689	9.532329	8
63776 M�mbris	suf053moe	50.667782	9.937053	9
63801 Kleinostheim	suf071klo	50.126352	8.9962178	10
63811 Stockstadt am Main	suf090sts	49.9725488	9.595077	11
63820 Elsenfeld	suf125els	49.8340576	9.1329698	12
63825 Schneppenbach	suf054sne	50.959219	9.213099	13
63846 Laufach	suf074lau	50.105339	9.2674759	14
63849 Leidersbach	suf110lei	49.8949215	9.2003145	15
63853 M�mlingen	suf124mom	49.8569455	9.409475	16
63856 Stra�bessenbach	suf092str	49.9620551	9.2347417	17
63857 Waldaschaff	suf093wal	49.9655373	9.2677515	18
63860 Rothenbuch	suf094rot	49.9716454	9.3491595	19
63863 Eschau	suf126eau	49.8336596	9.2309698	20
63867 Johannesberg	suf072joh	50.261929	9.99041	21
63871 Heinrichsthal	suf055hei	50.678954	9.2948885	22
63874 Wintersbach	suf127win	49.8619305	9.3037966	23
63879 Weibersbrunn	suf111wei	49.9120745	9.3297834	24
63897 Miltenberg		49.6905739	9.1766267	25
63911 Klingenberg am Main	suf140kli	49.7697537	9.1423185	26
63916 Amorbach		49.6378515	9.1270268	27
63916 Beuchen		49.5993314	9.2256683	28
63916 Boxbrunn im Odenwald		49.6640169	9.1066574	29
63924 R�denau		49.7184422	9.1488834	30
63928 Eichenb�hl		49.6874559	9.2902049	31
63930 Neunkirchen		49.7040461	9.3540385	32
63931 Kirchzell		49.6168351	9.746288	33
63933 M�nchberg	suf141mob	49.7901466	9.2294619	34
68384 Sulzbach am Main	suf109sam	49.9134918	9.1610997	35
80999 Allach	sob124ala	48.2070255	11.4579337	36
81241 Pasing/Obermenzing	sob150pas	48.1407693	11.4468869	37
81737 M�nchen-S�d	sob175msu	48.981898	11.6209179	38
81739 Perlach	sob176prl	48.891298	11.6434674	39
82024 Taufkirchen	sob200tki	48.291776	11.5907744	40
82054 Altkirchen/Gro�eichenhausen	sob222aki	47.9606458	11.5896947	41
82054 Sauerlach	sob223slc	47.9592822	11.5583987	42
82065 Baierbrunn/Sch�ftlarn	sob198bbs	48.96382	11.4496474	43
82140 Esting	sob122est	48.2022168	11.2990073	44
82194 Gr�benzell/Neuhimmelreich	sob123gro	48.192225	11.3559203	45
82205 Argelsried/Gilching	sob172arg	48.104376	11.301793	46
82211 Herrsching am Ammersee	sbs217hrg	48.19837	11.101103	47
82216 Germerswang	sob121gwg	48.2225224	11.215284	48
82237 Etterschlag	sob171ets	48.868487	11.1954684	49
82239 Biburg/Alling	sob148bib	48.1522438	11.2560474	50
82266 Inning am Ammersee	sbs203ing	48.715135	11.880758	51
82272 D�nzelbach/Steinbach	sbs172dun	48.1874865	11.490892	52
82278 Althegnenberg	sbs159ahg	48.2285623	11.426769	53
82284 Grafrath	sbs189grf	48.1226875	11.1327225	54
82287 Jesenwang	sbs173jes	48.1665123	11.1000311	55
82291 Mammendorf	sbs174mam	48.2062599	11.1232694	56
82294 Oberschweinbach	sbs160osw	48.2422448	11.1270719	57
82299 T�rkenfeld	sbs188tfd	48.109494	11.623631	58
82319 Hadorf/Oberbrunn	sob196had	48.156674	11.2806111	59
82327 Tutzing	sob242tuz	47.916066	11.1676729	60
82335 Farchach/Bachhausen	sob220fck	47.9629777	11.3789263	61
82343 P�cking	sob219poe	47.9736336	11.2464814	62
82346 Machtlfing/Erling	sob218mfe	47.9478253	11.2183067	63
82362 Weilheim (Obb)	sbs259wob	47.8428595	11.799433	64
82380 Pei�enberg	sbs258psb	47.7981425	11.38872	65
82383 Hohenpei�enberg	sbs257hpb	47.8022763	10.9699114	66
82386 Huglfing	sbs272hug	47.7614209	11.898783	67
82390 Eberfing	sob290ebf	47.7864538	11.1906459	68
82392 Habach	sob315hab	47.7296499	11.254665	69
82393 Iffeldorf	sob291ifd	47.7894678	11.291791	70
82396 P�hl	sbs232pah	47.9190693	11.1081668	71
82401 Rottenbuch/B�bing	sbs270rot	47.7288223	10.9403899	72
82402 Seeshaupt/Jenhausen/St	sob268see	47.822088	11.2009803	73
82405 Wessobrunn	sbs245wes	47.8612748	10.9498844	74
82407 Haunshofen/Monatshausen	sob241hhf	47.8739124	11.2157136	75
82409 Wildsteig	sob310wig	47.6688363	10.8766997	76
82418 Hechendorf	sob329hed	47.6617051	11.204274	77
82431 Kochel	sob331koh	47.6583478	11.3055053	78
82432 Walchensee	sob342wls	47.5910382	11.3029965	79
82435 Bayersoien	sob312bas	47.6833466	10.9912452	80
82438 Eschenlohe	sob341esl	47.5925619	11.1193917	81
82444 Schlehdorf	sob330sld	47.645579	11.2769885	82
82445 Grafenaschau	sob328gfa	47.6484095	11.1105501	83
82447 Spatzenhausen	sob314sph	47.7151464	11.1697984	84
82449 Sch�ffau	sbs271sof	47.7144252	11.708227	85
82467 Partenkirchen	sob349pak	47.4712778	10.9061022	86
82481 Mittenwald	sob350mtw	47.4636323	11.2190309	87
82490 Farchant	sob346frt	47.5323281	11.691894	88
82491 Grainau	sob348gau	47.4517677	10.9641735	89
82499 Wallgau	sob347wlg	47.5432296	11.2085497	91
82538 Schwabhausen/Geretshausen	sob166swh	48.1266719	10.8818707	92
82541 M�nsing	sob243mue	47.8633846	11.2325236	93
82544 Deining	sob221dei	47.952717	11.4886273	94
82547 Beuerberg/Eurasburg	sob269beu	47.8275733	11.4019566	95
83026 Pang/Aising	sob277pan	47.8241216	12.838143	96
83052 Ginsham	sob249gih	47.9059164	11.9115805	97
83059 Kolbermoor	sob276kol	47.8434927	12.80914	98
83075 Litzldorf	sob299ltz	47.7609987	12.459414	99
83080 Oberaudorf	sob335oad	47.6633548	12.410363	100
83083 Riedering	sob278rie	47.8428143	12.1955395	101
83093 Endorf in Oberbayern	sob253edf	47.9062325	12.2999252	102
83104 Biberg/Hohentann	sob226bbg	47.9593955	11.9511055	103
83104 Lampferding	sob227lpf	47.9608067	12.526378	104
83109 Tattenhausen	sob250tth	47.9228619	12.702646	105
83112 Wildenwart	sob279wiw	47.8268453	12.3079419	106
83115 Neubeuern	sob300nbr	47.7837478	12.1202544	107
83122 Samerberg	sob301sam	47.7549496	12.1331007	108
83123 Amerang	sob230ame	47.9978967	12.2662864	109
83125 Eggst�tt	sob254egg	47.9308292	12.358487	110
83126 Flintsbach	sob321fli	47.7119349	12.695985	111
83132 Pittenhart	sob231pit	47.9753472	12.3428985	112
83135 Marienberg	sob251mrb	47.9154843	12.1141909	113
83137 Schonstett	sob229sst	47.9896966	12.2129754	114
83139 S�chtenau	sob252soe	47.9203687	12.1621233	115
83224 Rottau	sob303rta	47.7937189	12.4082809	116
83224 Staudach-Egerndach	sob304std	47.785575	12.3894652	117
83229 Aschau	sob302asa	47.7435526	12.2414376	118
83229 Sachrang	sob322sah	47.6898699	12.257211	119
83236 �bersee	sob280ueb	47.8281192	12.436595	120
83242 Reit im Winkel	sob336rtw	47.6675048	12.4519237	121
83246 Oberw�ssen	sob324owo	47.7089449	12.4752755	122
83259 Schleching	sob323sle	47.7194536	12.3210457	123
83308 Oberfeldkirchen	sob209ofk	48.501265	12.5295812	124
83313 Siegsdorf/Vogling	sob282gsd	47.8276754	12.6989765	125
83317 Teisendorf	sob283tsd	47.8485429	12.7544623	126
83317 Weildorf	sob284wdf	47.8620107	12.8664116	127
83324 Ruhpolding	sob305ruh	47.7328567	12.5487193	128
83329 Wonneberg	sob257won	47.9011324	12.6761539	130
83334 Inzell	sob306inz	47.7716361	12.7097442	131
83349 Freutsmoos	sob211frm	48.371639	12.6549699	133
83349 Palling	sob210plg	48.29706	12.5808358	134
83361 Kienberg	sob208knb	48.400333	12.4325685	135
83365 Nu�dorf	sob256nus	47.9143104	12.5539577	136
83367 Petting	sob258ptt	47.9075918	12.792154	137
83374 Traunwalchen	sob233trw	47.9399181	12.5951015	138
83376 Truchtlaching	sob232tru	47.9589741	12.4934019	139
83377 Vachendorf	sob281vah	47.8433757	12.5619764	140
83404 Ainring	sob285air	47.8155395	12.8561597	141
83410 Leobendorf	sob259lbd	47.9215094	12.8909024	142
83410 Triebenbach	sob261trb	47.9036794	12.9489357	143
83413 Geisenfelden	sob236gei	47.9960905	12.7548178	144
83413 Pietling	sob212pie	48.169005	12.7940242	145
83416 Saaldorf	sob260saa	47.8799238	12.8614527	146
83417 Lampoding	sob235lpd	47.943137	12.7969288	147
83454 Anger	sob307ang	47.795837	12.7673232	148
83457 Bayerisch Gmain	sob326byg	47.7140114	12.8672535	149
83458 Schneizlreuth	sob325szr	47.6919923	12.7117227	150
83471 Sch�nau am K�nigssee	sob345soe	47.5932837	12.8385576	151
83483 Bischofswiesen	sob337bsw	47.6518518	12.8829127	152
83486 Ramsau	sob344ram	47.5850023	12.8451934	153
83487 Scheffau	sob338sef	47.6870554	13.53935	154
83527 Winden	sob157win	48.1697332	12.1398379	155
83536 Gars am Inn	sob158grs	48.1547009	12.2236365	156
83539 Farrach	sob205far	48.562834	12.413054	157
83543 Rott am Inn	sob228rai	47.9876642	12.928245	158
83544 Albaching	sob181alb	48.107046	12.769435	159
83547 Loibersdorf	sob183loi	48.948687	12.3383367	160
83549 Aham	sob206aha	48.115168	12.2356592	161
83552 Kirchensur	sob207kis	48.413053	12.3324003	162
83553 Frauenneuharting	sob204fnh	48.353661	12.39914	163
83558 Maitenbeth	sob156mai	48.1480769	12.581796	164
83559 Mittergars	sob159mtg	48.1526862	12.3256182	165
83564 Soyen	sob182soy	48.1057063	12.1488004	166
83607 Gro�hartpenning	sob272ghp	47.8449433	11.6691785	167
83620 Feldolling	sob248feo	47.8974812	11.8449792	168
83623 Ascholding	sob244asd	47.887998	11.4862843	169
83623 Dietramszell	sob271drz	47.8650139	11.4959227	170
83623 Fra�hausen/Lochen	sob245frh	47.9154454	11.5779693	171
83624 Otterfing	sob246otf	47.9091808	11.629235	172
83626 Valley	sob247val	47.8884123	11.6925237	173
83627 Wall	sob296wal	47.789385	11.7682092	174
83627 Warngau	sob273war	47.8189845	11.6682712	175
83646 Kirchbichl	sob294kbi	47.8007205	11.5672832	176
83661 Lenggries	sob332lgr	47.6021793	11.3659222	177
83666 Waakirchen	sob295waa	47.7695685	11.6041527	178
83670 Oberbuchen	sob293obu	47.7673765	11.4780192	179
83673 Bichl	sob316bih	47.7195025	11.3932409	180
83674 Gai�ach	sob317gai	47.7176666	11.5449273	181
83676 Jachenau	sob343jah	47.5928525	11.3476407	182
83703 Gmund am Tegernsee	sob318gmu	47.7540364	11.697087	183
83708 Kreuth	sob333krt	47.6411273	11.6563032	184
83714 Miesbach	sob297msb	47.7908753	11.8048895	185
83727 Schliersee	sob319sls	47.6825704	11.727919	186
83730 Fischbachau	sob320fsb	47.7294442	11.8836247	187
83730 Hundham	sob298huh	47.7571966	11.9365199	188
83735 Bayrischzell	sob334byz	47.6596114	11.9206402	189
83737 Irschenberg	sob275irs	47.8192239	11.8248763	190
83737 Reichersdorf	sob274rhd	47.8414241	11.8327789	191
84028 Landshut	snb164lah	48.546899	12.1286625	192
84030 Oberglaim	snb145ogl	48.6096135	12.1093075	193
84048 Lindkirchen	snb120lik	48.6720242	11.7856837	194
84051 Essenbach	snb146ese	48.6198252	12.1478028	195
84056 Pattendorf		48.7193727	12.3972	196
84057 Langenhettenbach		48.7168905	12.2321439	197
84061 Martinshaun	snb125mhn	48.6678358	12.2114785	198
84066 Mallersdorf	snb080mld	48.7800024	12.1411533	199
84069 Birnbach	sno334bir	48.7847083	12.1088326	200
84069 Laichling	sno331unt	48.8556308	12.14731	201
84072 Abens	sob060abe	48.5333132	11.6723064	202
84076 Pfeffenhausen	snb122pfe	48.6719077	11.8830628	203
84079 G�ndlkofen	snb163gun	48.5339641	12.251768	204
84082 Asbach		48.7381238	12.3133125	205
84082 Laberweinting	snb081lab	48.7919412	12.1770234	206
84085 Schneidhart	snb058sdh	48.8484035	12.442713	207
84088 Hofendorf		48.7295055	12.1446939	208
84091 Attenhofen	snb121ath	48.6578483	11.814105	209
84097 Herrngiersdorf	snb079hgd	48.7847079	11.9996128	210
84098 Oberergoldsbach	snb124oer	48.6664121	12.1509092	211
84098 T�rkenfeld	snb123tur	48.674168	12.70555	212
84100 Niederaichbach	snb147nab	48.5926218	12.2541988	213
84101 Obers��bach	snb143osu	48.5992324	11.9001	214
84103 Unholzing	snb126unh	48.6579471	12.3290052	215
84104 Enzelhausen	sob054ezh	48.5829092	11.7444378	216
84106 Volkenschwand	snb142vol	48.6085794	11.825909	217
84107 Weihmichl	snb144wmi	48.6239275	11.98611	218
84130 Frauenbiburg	snb149frb	48.5945055	12.4771628	219
84137 Haarbach	snb195har	48.429145	12.3070192	220
84137 Seyboldsdorf	snb182sey	48.4819169	12.3321117	221
84140 H�lsbrunn	snb184hol	48.4740775	12.5009302	222
84140 Reicheneibach	snb185rei	48.464754	12.613586	223
84140 Thambach	sob083tmb	48.4160156	12.5155764	224
84144 Geisenhausen	snb181gei	48.4625866	12.1979832	225
84149 Babing	snb206bab	48.3626501	12.243942	226
84152 Mengkofen		48.7220145	12.3600778	227
84155 Aich	snb196aic	48.4268083	12.4019567	228
84160 Frontenhausen	snb168fro	48.5203841	12.4565774	229
84164 Dornwang	snb127dow	48.6659491	12.4305328	230
84164 Th�rnthenning	snb128ttg	48.6833449	12.5109266	231
84166 Jenkofen	snb165jen	48.5324162	12.234281	232
84168 Aham	snb167aha	48.5240514	12.3908132	233
84168 Vilsheim	snb180vil	48.4443713	12.792032	234
84171 Baierbach	snb194bba	48.4133187	12.1568306	235
84174 Haunwang	snb179hwg	48.4741133	12.413452	236
84175 Schalkham	snb183skm	48.4873936	12.3454478	237
84178 Kr�ning	snb166kro	48.5331364	12.3003902	238
84180 Weigendorf	snb148wgd	48.5923339	12.423291	239
84189 Wurmsham	snb207wur	48.3490942	12.2933114	240
84323 Wolfsegg	snb197wol	48.4095497	12.6036614	241
84326 Falkenberg	snb186fal	48.4679019	12.6606351	242
84329 Rogglfing	snb209rog	48.3509329	12.8377857	243
84332 Hebertsfelden	snb199heb	48.4323657	12.7492902	244
84332 Niedernkirchen	snb187nki	48.4664293	12.8090731	245
84333 Malgersdorf	snb170mgd	48.5252455	12.7087295	246
84335 Mitterskirchen	snb208mik	48.3509893	12.6977091	247
84339 Huldsessen	snb198hul	48.3987481	12.6918814	248
84347 Waldhof	snb189whf	48.4794355	12.9870353	249
84359 Eggstetten	snb218egs	48.292754	12.9751971	250
84364 Asenham	snb202ase	48.4046741	13.670459	251
84364 Untertattenbach	snb190utb	48.4435413	13.65023	252
84367 Gumpersdorf	snb217gum	48.2790368	12.8660093	253
84367 Randling	snb210ran	48.3241179	12.926209	254
84371 Voglarn	snb201vog	48.3803195	13.42779	255
84375 Kirchdorf am Inn	snb221kdi	48.2439906	12.8823733	256
84378 N�ham	snb188noh	48.4831894	12.8956566	257
84381 Johanniskirchen	snb173joh	48.5472654	12.8871932	258
84384 Wittibreut	snb211wit	48.3423752	12.979771	259
84385 Amsham	snb174ams	48.5130847	13.694683	260
84389 Postm�nster	snb200pos	48.4291831	12.8257423	261
84405 Dorfen	sob109dor	48.276429	12.922917	262
84416 Inning am Holz	sob093ini	48.3444256	12.369987	263
84416 Taufkirchen/Vils	sob094tkh	48.3454533	12.736022	264
84419 Oberornau	sob132oor	48.2164371	12.2407738	265
84419 Schwindegg	sob110swe	48.245967	12.2006883	266
84424 Isen	sob130isn	48.1877565	11.9891326	267
84427 Sankt Wolfgang	sob131swg	48.2213171	12.859538	268
84428 Ranoldsberg/Buchbach	sob111ran	48.3089824	12.3302752	269
84431 Rattenkirchen	sob133rtk	48.2381774	12.3103385	270
84432 Hohenpolding	sob082hpo	48.3943641	12.95216	271
84434 Kirchberg	sob081kib	48.4066943	12.275595	272
84435 Matzbach	sob108mzb	48.2792255	12.433663	273
84478 P�rten	sob134pue	48.2003734	12.4203417	274
84494 Niedertaufkirchen	sob096ntk	48.3479364	12.4895279	275
84494 Oberhofen	sob113oho	48.2862474	12.5196902	276
84494 Rossbach	sob097rsb	48.3552949	12.5797963	277
84508 Burgkirchen an der Alz	sob163bkh	48.1439323	12.6391068	278
84508 Engelsberg	sob185egb	48.1297513	12.4502727	279
84529 Asten	sob187atn	48.97741	12.7193304	280
84529 Tittmoning	sob188ttm	48.500345	12.6746018	281
84533 Haiming	sob139hai	48.2139977	12.8153242	282
84533 Stammham	sob020stm	48.2489486	12.8575619	283
84539 Zangberg	sob112zgb	48.2612386	12.3218322	284
84543 Winh�ring	sob114whg	48.2705148	12.628951	285
84547 Emmerting	sob138emm	48.2043218	12.737867	286
84550 Feichten an der Alz	sob186fei	48.88718	12.565539	287
84556 Kastl	sob137kas	48.183391	12.6437575	288
84561 Mehring	sob164meh	48.1853097	12.7205067	289
84564 Sch�nberg	sob095soe	48.3450438	12.3883007	290
84565 Oberneukirchen	sob161onk	48.1687019	12.4814954	291
84567 Perach	sob116per	48.2905364	12.7144533	292
84570 Gr�nbach	sob135gru	48.2027149	12.5343333	293
84571 Reischach	sob115rsh	48.2932114	12.6478712	294
84574 Taufkirchen	sob160tfk	48.1423289	12.4107599	295
84576 Teising	sob136tei	48.2305178	12.5929233	296
84579 Unterneukirchen	sob162unk	48.1670429	12.5864235	297
85051 Hundszell	sob036huz	48.727678	11.3949371	298
85072 Wintershof	sob009wth	48.9071581	11.1685038	299
85077 Manching	sob037man	48.7167405	11.4278523	300
85080 Gaimersheim	sob027gmh	48.8136928	11.2917153	301
85092 K�sching	sob028koe	48.8424003	11.449653	302
85095 Zandt	sob012zan	48.9253227	11.4853796	303
85098 Gro�mehring	sob029gmh	48.7830544	11.4771968	304
85104 Wackerstein	sob030wak	48.7892599	11.6563866	305
85107 Baar	sob044baa	48.6687414	11.4659215	306
85110 Attenzell	sob110att	48.9048505	11.3828809	307
85111 Adelschlag	sob017ads	48.8459018	11.1210274	308
85113 B�hmfeld	sob019boe	48.8727722	11.3386759	310
85119 Ernsgaden	sob038ern	48.7255497	11.534967	311
85123 Pobenhausen	sob043pob	48.6627558	11.3750512	312
85125 Enkering	sob005enk	48.991595	11.3538882	313
85128 Nassenfels	sob025nsf	48.8106816	11.1778255	314
85128 Wolkertshofen	sob026wkh	48.7992977	11.2574767	315
85129 Oberdolling	sob021odo	48.8373367	11.5663829	316
85131 Pollenfeld	sob003pol	48.9393351	11.1383447	317
85135 Stadelhofen	sob001sth	49.346347	11.1869609	318
85137 Rapperszell	sob010rpz	48.9330093	11.2811055	319
85229 Ainhofen	sob074aif	48.4010981	11.374711	320
85232 Lauterbach	sob100lau	48.2679843	11.2964418	321
85232 Unterbachern	sob101uba	48.279896	11.3761791	322
85235 Ebertshausen	sob099ebh	48.2880275	11.2165822	323
85235 Pfaffenhofen an der Glonn	sob098pff	48.2974145	11.1132083	324
85238 Petershausen	sob075pth	48.4083212	11.4409925	325
85241 Hebertshausen	sob102heb	48.2953708	11.4407249	326
85244 Biberbach	sob087bbb	48.3471531	11.4895953	327
85250 Pipinsried	sob073pip	48.4060724	11.2872373	328
85250 Wollomoos	sob072wmo	48.4013086	11.1915465	329
85253 Gro�berghofen	sob085gbh	48.3206818	11.3097008	330
85276 Angkofen	sob058akf	48.56077	11.4866285	331
85283 Gebrontshausen	sob053geh	48.5958962	11.6576575	332
85290 Rottenegg	sob046rte	48.6487831	11.660235	333
85290 Schillwitzried	sob039swr	48.7086158	11.6293766	334
85293 Reichertshausen	sob061rhh	48.4544876	11.4404715	335
85296 Rohrbach	sob052rob	48.6154569	11.5029595	336
85301 Geisenhausen	sob059gsh	48.5531743	11.5865065	337
85302 Gerolsbach	sob065grb	48.492667	11.2867004	338
85304 Ilmm�nster	sob066ilm	48.493342	11.480265	339
85307 Paunzhausen	sob067pzh	48.476675	11.5309084	340
85309 P�rnbach	sob051poe	48.6131374	11.4322354	341
85368 Moosburg an der Isar	sob071mob	48.4797515	11.8571113	342
85376 Massenhausen-Giggenhausen	sob089mas	48.3479215	11.62778	343
85386 Dietersheim	sob104dth	48.2987743	11.5997424	344
85391 Leonhardsbuch/Allershausen	sob076leo	48.4056869	11.5799868	345
85395 Wolfersdorf	sob068wod	48.4961146	11.690683	346
85399 Goldach-Hallbergmoos	sob090gol	48.3098309	11.6571933	347
85406 Zolling	sob069zol	48.4758321	11.6918847	348
85410 Haag an der Amper	sob070hag	48.4713506	11.808714	349
85413 H�rgertshausen	sob062ghg	48.5574919	11.834421	350
85414 Wippenhausen	sob077wip	48.4387857	11.6813185	351
85416 Oberhummel	sob079ohm	48.4261674	11.8687002	352
85417 Marzling	sob078mrz	48.4028912	11.7419848	353
85419 Enghausen	sob063enh	48.5379721	11.9038635	354
85447 Tittenkofen	sob092tit	48.3495634	11.9508623	355
85452 Eichenried	sob105eir	48.275866	11.7816754	356
85452 Moosinning	sob106moi	48.274554	11.7384877	357
85462 Eitting	sob091eiz	48.3765573	11.7851413	358
85464 Finsing	sob127fin	48.2357618	11.7680539	359
85465 Langenpreising	sob080lgp	48.4280351	11.9342155	360
85469 Walpertskirchen	sob107wpk	48.2590754	11.9373304	361
85567 Elkofen	sob203elk	48.235865	11.9537632	362
85570 Ottenhofen	sob128ott	48.1996679	11.8394064	363
85604 P�ring/Zorneding	sob178poe	48.935671	11.826998	364
85625 Glonn	sob225glo	47.9833953	11.7931545	365
85630 Harthausen/Grasbrunn	sob177hth	48.562723	11.7599525	366
85635 Siegertsbrunn	sob201sgb	48.186425	11.6874276	367
85643 Steinh�ring	sob180sho	48.935479	11.9701603	368
85646 Anzing	sob154anz	48.1568303	11.8201409	369
85653 Aying	sob224ayi	47.9571426	11.6914193	370
85664 Hohenlinden	sob155hli	48.1465005	11.9620415	371
85665 Moosach	sob202moa	48.356414	11.8400732	372
85669 Pastetten	sob129pst	48.2071303	11.907559	373
85716 Unterschlei�heim	sob103ush	48.2757323	11.5200913	374
85737 Ismaning	sob126ism	48.2407196	11.6315713	375
85777 Fahrenzhausen-Oberndorf	sob088fzh	48.3606617	11.5296076	376
86150 Augsburg	sbs122aug	48.3649999	10.8826827	377
86167 Lechhausen	sbs123lec	48.3931077	10.8900584	378
86179 Haunstetten	sbs139hau	48.2976418	10.8462903	379
86199 Inningen	sbs138inn	48.311391	10.8665113	380
86316 Harthausen	sbs125har	48.362482	11.407693	382
86316 Ottmaring/Rederzhausen	sbs141otm	48.3316855	10.998977	383
86316 Wulfertshausen	sbs124wul	48.381729	10.9785118	384
86343 K�nigsbrunn	sbs156kon	48.2609878	10.8489039	385
86356 Westheim	sbs003wsm	48.3861422	10.8076186	386
86368 Gersthofen	sbs104ger	48.4277649	10.8011932	387
86368 Rettenbergen	sbs102ret	48.4301285	10.7815068	388
86381 Krumbach	sbs148kru	48.2487715	10.3110442	389
86381 Niederraunau	sbs149nra	48.2221243	10.3697382	390
86391 Stadtbergen	sbs121sta	48.3606352	10.7914155	391
86399 Bobingen	sbs154bob	48.274551	10.7037947	392
86405 Langenreichen	sbs073lrh	48.5524742	10.7850295	393
86405 Meitingen	sbs074mei	48.5460974	10.7483123	394
86420 Anhausen	sbs137anh	48.3411665	10.7644945	395
86420 Biburg	sbs119big	48.3742673	10.7521552	396
86424 Obersch�neberg	sbs134oso	48.3260098	10.5732224	397
86438 Kissing	sbs140kis	48.3063978	10.949186	398
86441 Steinekirch	sbs117stk	48.3724282	10.575606	399
86441 W�rleschwang	sbs100woa	48.436775	10.5888884	400
86444 M�hlhausen	sbs105muh	48.4400293	10.9215223	401
86447 Todtenweis	sbs088tod	48.5089455	10.8792633	402
86456 Gablingen	sbs103gab	48.4559116	10.7764045	403
86459 D�pshofen/Gessertshausen	sbs136dop	48.2770915	10.6943017	404
86462 Langweid	sbs087lwd	48.4816006	10.7921529	405
86473 Ziemetshausen	sbs133zim	48.279684	10.4780462	406
86476 Edelstetten	sbs132eds	48.2951515	10.3847378	407
86480 Aletshausen	sbs164ale	48.1893814	10.3454176	408
86483 Balzhausen	sbs150baz	48.2358503	10.4547975	409
86485 Affaltern	sbs085afl	48.4856623	10.7352025	410
86485 Biberbach	sbs086bib	48.5081861	10.71054	411
86486 Bonstetten	sbs101bon	48.4431617	10.6803324	412
86488 Breitenthal	sbs147bth	48.2427168	10.2703345	413
86494 Emersacker	sbs083ema	48.4755601	10.6363244	414
86495 Eurasburg	sbs143eur	48.3314772	11.789289	415
86500 Agawang	sbs118aga	48.3605767	10.6807699	416
86502 Laugna	sbs084lag	48.5118105	10.676581	417
86504 Merching	sbs157mch	48.2449196	10.9129803	418
86510 Eismannsberg	sbs142eis	48.3015447	11.907818	420
86514 Ustersbach	sbs135ust	48.3205977	10.6056685	421
86529 H�rzhausen	sob055hoe	48.5463399	11.1931725	422
86551 Aichach	sbs107aic	48.4494945	11.423717	423
86551 Griesbeckerzell	sbs106gri	48.4434684	11.446665	424
86554 Grimolzhausen	sbs078grm	48.5777792	11.1434372	425
86554 P�ttmes	sbs077pot	48.5704229	11.9922	426
86558 Hohenwart	sob050hwt	48.5893129	11.3272152	427
86558 Koppenbach	sob057kop	48.5745633	11.3583044	428
86561 Aresing	sob056are	48.5182396	11.2215633	429
86570 Inchenhofen	sbs090inh	48.5188481	11.693394	430
86571 Langenmoosen	sob048lgm	48.6087664	11.1761551	431
86574 Indersdorf	sob086ind	48.5388611	10.9845208	432
86574 Petersdorf	sbs089pet	48.523998	10.981925	433
86576 Schiltberg	sbs108sbg	48.4542701	11.2162199	434
86577 T�dtenried	sbs126tod	48.377935	11.1569544	435
86609 Donauw�rth	sbs049don	48.7195701	10.6983281	436
86633 Bittenbrunn	sbs042bit	48.7428295	11.1508557	437
86633 Feldkirchen	sob034fki	48.7192781	11.1642436	438
86637 Villenbach	sbs082vil	48.5186924	10.5672747	439
86637 Wertingen	sbs072wer	48.5549492	10.6337751	440
86641 Rain am Lech	sbs053ral	48.6652529	10.8853766	441
86641 Wallerdorf	sbs066wal	48.6226209	10.9987377	442
86643 Rennertshofen	sbs041ren	48.7726494	10.9769268	443
86647 Lauterbach	sbs062ltb	48.623283	10.7369288	444
86650 Wemding	sbs020wem	48.8787226	10.6840163	445
86653 Daiting	sbs031dai	48.7922221	10.8490399	446
86653 Itzing	sbs029itz	48.8167094	10.82423	447
86653 Monheim	sbs030mon	48.852508	10.7969273	448
86653 Weilheim (Krs	sbs021wlh	48.8861518	10.8204972	449
86655 Ebermergen	sbs037ebm	48.7544999	10.7013147	450
86655 Heroldingen	sbs027hdg	48.8115425	10.64087	451
86657 Bissingen	sbs047bis	48.719039	10.5048622	452
86660 Tapfheim	sbs048tap	48.6879056	10.6150547	453
86666 Burgheim	sbs054bhm	48.6892586	10.9723147	454
86668 Karlshuld	sob042kar	48.6774358	11.2596284	455
86669 Klingsmoos	sbs068klm	48.6151008	11.1149094	456
86669 Untermaxfeld	sob041umf	48.6721801	11.2126395	457
86672 Thierhaupten	sbs075thi	48.5655084	10.8583547	458
86674 Baar	sbs076baa	48.583801	10.931464	459
86676 Ehekirchen	sbs067ehk	48.6352123	11.283187	460
86678 Ehingen	sbs063ehi	48.5892839	10.755972	461
86679 Ellgau	sbs064elg	48.6124218	10.829382	462
86681 F�nfstetten	sbs028fun	48.8400771	10.7346425	463
86682 Genderkingen	sbs052gen	48.7108813	10.8280379	464
86687 Altisheim	sbs039ahm	48.7376064	10.8689047	465
86687 Kaisheim	sbs038kai	48.7697149	10.7430893	466
86688 Marxheim	sbs040mxh	48.7634416	10.8658971	467
86690 Mertingen	sbs050mrt	48.6530311	10.7223383	468
86692 M�nster	sbs065mus	48.6206507	10.870129	469
86698 Eggelstetten	sbs051egs	48.6759445	10.8475128	470
86701 Ergertshausen	sbs055erg	48.6955378	11.1399433	471
86704 Tagmersheim	sbs032tag	48.8231952	10.9236045	472
86706 Weichering	sob035wei	48.7123828	11.2920501	473
86720 N�rdlingen	sbs017nor	48.8586642	10.4403107	474
86720 Pf�fflingen	sbs018pfa	48.89249	10.5479675	475
86732 Oettingen	sbs010oet	48.9519579	10.5097393	476
86733 Rudelstetten	sbs019rut	48.8556892	10.6398195	477
86735 Forheim	sbs035fhm	48.7408375	10.4016503	478
86736 Dornstadt	sbs002dos	49.39208	10.5791715	479
86739 H�rnheim/Ederheim	sbs025hur	48.7969356	10.4846665	480
86741 Belzheim	sbs009bez	48.9622219	10.5253862	481
86742 Schopflohe	sbs001slo	48.979956	10.476906	482
86748 Marktoffingen	sbs008mof	48.9289376	10.4297429	483
86750 Megesheim	sbs011meg	48.9397131	10.6300185	484
86751 M�nchsdeggingen	sbs036mog	48.7652137	10.56521	485
86753 Kleinsorheim	sbs026ksh	48.7900099	10.6030092	486
86757 Wallerstein	sbs016was	48.8912096	10.4332105	487
86825 Bad W�rishofen	sbs210wor	48.6946	10.533086	488
86830 Graben	sbs169gra	48.1923505	10.8020247	489
86830 Schwabegg	sbs167swg	48.1837328	10.6791899	490
86830 Schwabm�nchen	sbs168smu	48.1874616	10.709886	491
86833 Ettringen	sbs82etr	48.1285704	10.5826222	492
86836 Obermeitingen	sbs184omt	48.1697262	10.7586797	493
86842 T�rkheim	sbs197tur	48.57436	10.5611778	494
86845 Gro�aitingen	sbs153gai	48.2291211	10.6650707	495
86853 Schwabm�hlhausen	sbs183smh	48.1054212	10.7690728	496
86859 Holzhausen	sbs198hol	48.452535	10.7693302	497
86860 Weicht	sbs211wch	47.9986747	10.6681094	498
86863 Langenneufnach	sbs151lnf	48.2587438	10.567951	499
86865 Markt Wald	sbs181mwa	48.1439575	10.5598814	500
86866 Mickhausen	sbs152mik	48.2230365	10.5967754	501
86868 Mittelneufnach	sbs166swg	48.1833483	10.5501452	502
86869 Lengenfeld (Krs	sbs227lfd	47.9466728	10.7750754	503
86871 Rammingen	sbs196ram	48.673105	10.5432139	504
86875 Waal	sbs212waa	47.9876861	10.7156278	505
86899 Ellighofen	sbs213elo	48.8583	10.8289752	506
86899 Landsberg am Lech	sbs199lbg	48.3373	10.7955408	507
86911 Dettenhofen	sbs216deh	47.9679711	11.215791	508
86911 Diessen am Ammersee	sbs231dis	47.9509196	10.9786064	509
86916 Kaufering	sbs185kfg	48.101471	10.831067	510
86920 Denklingen	sbs229dkl	47.8891274	10.7699567	511
86923 Entraching	sbs215ent	48.113829	11.214881	512
86925 Asch	sbs228asc	47.9471667	10.8276264	513
86931 Prittriching	sbs171pri	48.1992787	10.8555803	514
86932 Lengenfeld	sbs214lfl	48.4384	10.9194761	515
86934 Ludenhausen	sbs230lud	47.9343769	10.9531804	516
86938 Oberschondorf	sbs202oso	48.520556	11.502244	517
86940 Schwifting	sbs200swi	48.431745	10.9047679	518
86947 Beuerbach	sbs186beb	48.1457098	10.9121862	519
86947 Schwabhausen/Geretshausen	sbs187swh	48.1075226	10.9728584	520
86949 Sch�ffelding	sbs201sod	48.666902	10.9879591	521
86971 Birkland	sbs244brk	47.8573494	10.948237	522
86971 Peiting	sbs256ptg	47.8091354	10.7865942	523
86972 Altenstadt	sbs255ast	47.8223245	10.7871762	524
86975 Bernbeuren	sbs268bbe	47.7256647	10.7022832	525
86978 Hohenfurch	sbs243hfh	47.8546528	10.862257	526
86980 Ingenried	sbs254inr	47.8078708	10.754608	527
86983 Lechbruck	ssa008lek	47.6926712	10.7150752	528
86989 Steingaden	sbs269stg	47.7131842	10.7912772	529
87435 Kempten	sbs262kem	47.7118785	10.2815139	530
87448 Niedersonthofen	tir006nie	47.6301388	10.2257364	531
87452 Altusried	sbs247alr	47.793855	10.1077438	532
87452 Muthmannshofen	sbs246mut	47.7939479	10.938211	533
87459 Pfronten	tir008pfr	47.5733815	10.4583792	534
87463 Dietmannsried	sbs248dim	47.8262014	10.1994977	535
87471 Bodelsberg	ssa001bod	47.6842208	10.4084463	536
87471 Durach	ssa003dur	47.6965474	10.3491403	537
87474 Buchenberg	ssa002buc	47.7106312	10.1292751	538
87474 Kreuzthal	sbs260kzt	47.7141604	10.1171368	539
87480 Weitnau	tir016wei	47.6577598	10.786408	541
87480 Wengen	ssa015wng	47.6766119	10.1428342	542
87484 Nesselwang	tir005nes	47.6194614	10.4306348	543
87487 Wiggensbach	sbs261wig	47.7436964	10.1683101	544
87488 Betzigau	sbs263btz	47.7291457	10.3434022	545
87496 Untrasried	sbs249utr	47.8460134	10.2941614	546
87499 Wildpoldsried	sbs264wpr	47.7776078	10.3862375	548
87527 Sonthofen	tir012sof	47.5055841	10.2145602	549
87534 Thalkirchdorf	tir015tha	47.5527668	10.842868	550
87541 Bad Hindelang	tir002hin	47.4952129	10.3415755	551
87544 Gunzesried	ssa006guz	47.5222191	10.226925	552
87547 Missen	tir004mis	47.5969622	10.1231719	553
87549 Rettenberg	tir009reb	47.5874459	10.2475047	554
87561 Oberstdorf	tir007obf	47.4024329	10.2613734	555
87600 Kaufbeuren	sbs240kfb	47.8815209	10.5362078	556
87600 Oberbeuren	sbs239obe	47.8708679	10.5920173	557
87616 Bertoldshofen	sbs253bho	47.7849125	10.6566142	558
87616 Leuterschach	sbs266leu	47.7467996	10.5690894	559
87616 Marktoberdorf	sbs252mod	47.7500757	10.5511824	560
87629 F�ssen	tir001fue	47.5857209	10.5848641	561
87634 Ebersbach	sbs238ebh	47.8535189	10.4689213	562
87637 Seeg	tir011seg	47.6444458	10.5390073	564
87642 Trauchgau	ssa013tra	47.6421851	10.8226322	565
87647 Kraftisried	sbs250kra	47.7641543	10.392941	566
87647 Oberthingau	sbs265oth	47.7627933	10.4212355	567
87653 Eggenthal	sbs224egt	47.9150636	10.4529185	568
87657 G�risried	ssa005goe	47.6938025	10.4562884	569
87662 Osterzell/Frankenhofen	sbs242oze	47.8639741	10.7082217	570
87663 Lengenwang	ssa009len	47.6939089	10.5662185	571
87665 Frankenried		47.8700877	10.6623774	572
87666 Pforzen/Ingenried	sbs225pfz	47.946921	10.5911287	573
87671 Ronsberg	sbs236ron	47.9008272	10.3698279	574
87672 Ro�haupten	tir010ros	47.660292	10.6771815	575
87674 Ruderatshofen	sbs251rud	47.8222165	10.5087387	576
87675 St�tten am Auerberg	sbs267sto	47.7422341	10.6513147	577
87679 Westendorf	sbs226wsd	47.9236546	10.6740519	578
87700 Memmingen	sbs205mmg	47.9816046	10.893563	579
87719 Mindelheim	sbs195min	48.561415	10.4311033	580
87724 Ottobeuren	sbs222oto	47.9377462	10.2469488	581
87730 Gr�nenbach	sbs234gro	47.8780435	10.2040512	582
87733 Markt Rettenbach	sbs223mre	47.9475467	10.3222253	583
87733 Mussenhausen	sbs208mus	47.9892508	10.4318335	584
87736 B�hen	sbs235boh	47.8837597	10.2813095	585
87739 Breitenbrunn	sbs179btb	48.1304567	10.3271377	586
87740 Buxheim	sbs204bux	47.9875611	10.989145	587
87742 Dirlewang	sbs209dlw	47.9949775	10.4283438	588
87746 Daxberg	sbs193dax	48.591458	10.3157979	589
87751 Heimertingen	sbs190hei	48.44084	10.135307	590
87754 Kammlach	sbs194kam	48.484121	10.367562	591
87755 Olgishofen	sbs163olg	48.1616668	10.2879014	592
87757 Kirchheim	sbs165kih	48.1842162	10.4144393	593
87758 Kronburg	sbs218kro	47.9042953	10.805828	594
87761 Lauben	sbs192lau	48.685165	10.2479496	596
87764 Legau	sbs233leg	47.8603428	10.736467	597
87766 Memmingerberg	sbs206mmb	47.992246	10.2045909	598
87767 Niederrieden	sbs191nir	48.607505	10.1656185	599
87770 Dietershofen	sbs178dih	48.1052842	10.3120747	600
87775 Salgen	sbs180sal	48.1288004	10.4152617	601
87784 Westerheim	sbs207wsh	48.19288	10.2233263	602
87785 Winterrieden	sbs177wir	48.1201565	10.1813655	603
87789 Woringen	sbs220wor	47.9269413	10.1637595	604
88131 Lindau (Bodensee)	tir003lin	47.566709	9.6188492	605
88131 Oberreitnau	ssa011obr	47.5929866	9.6664182	606
88145 Opfenbach	ssa012opf	47.6411343	9.7889137	607
88149 Nonnenhorn	ssa010non	47.5815624	9.6122826	608
88167 Ebratshofen	ssa004ebr	47.6181878	10.330412	609
88167 Stiefenhofen	tir013sti	47.5867992	9.9773415	610
88171 Weiler	ssa014wel	47.5793449	9.8492962	611
88178 Heimenkirch	ssa007hek	47.635849	9.8660535	612
89231 Neu-Ulm	sbs109nul	48.3784117	9.972317	613
89232 Pfuhl	sbs091pfl	48.408827	10.27323	614
89233 Reutti	sbs110reu	48.3614545	10.638442	615
89233 Steinheim	sbs093sth	48.399351	10.1012539	616
89250 Wullenstetten	sbs127wll	48.3189937	10.620505	617
89257 Illertissen	sbs145ilt	48.226053	10.397348	618
89261 Altenstadt (an der Iller)	sbs161alt	48.1581598	10.1267218	619
89264 Ober-/Unterreichenbach	sbs129ore	48.3091334	10.199027	620
89269 Illerberg	sbs128ilb	48.2921054	10.963941	621
89275 Oberelchingen	sbs092oel	48.4491546	10.72123	622
89284 Beuren	sbs111beu	48.3580252	10.1827789	623
89290 Obenhausen	sbs146ohs	48.2364489	10.1667107	624
89293 Kellm�nz	sbs176kmz	48.127798	10.991854	625
89294 Oberroth	sbs162oro	48.1686364	10.1623655	626
89312 Deffingen	sbs097def	48.4350861	10.2921058	627
89312 G�nzburg	sbs096gun	48.469059	10.2112673	628
89312 Riedhausen	sbs079rih	48.5101688	10.2521694	629
89331 Unter-/Oberkn�ringen	sbs098kno	48.430414	10.3908472	630
89335 Ettenbeuren	sbs114ett	48.3729845	10.356743	631
89335 Ichenhausen	sbs113ich	48.3725082	10.2432005	632
89335 Rieden an der K�tz	sbs112rik	48.3849093	10.248822	633
89340 Leipheim	sbs095lgp	48.4465916	10.1188848	634
89343 Freihalden	sbs116fhd	48.3854297	10.4910111	635
89346 Echlishausen	sbs094elh	48.428731	10.1830278	636
89349 Burtenbach	sbs115bur	48.3488742	10.418451	637
89352 Roggenburg	sbs130rog	48.3274068	10.268762	638
89352 Stoffenried	sbs131sto	48.316312	10.2904224	639
89353 Gl�tt	sbs081glo	48.5052781	10.4571859	640
89362 Offingen	sbs080off	48.4808721	10.3321564	641
89365 R�fingen	sbs099rof	48.4276381	10.4459128	642
89407 Dillingen	sbs070dlg	48.5771748	10.4643983	643
89407 Kicklingen	sbs071kik	48.5700677	10.5855459	644
89420 H�chst�dt	sbs060hoc	48.6355677	10.5016123	645
89423 Gundelfingen	sbs069gun	48.5296679	10.2704908	646
89426 Bergheim	sbs059ber	48.6350685	10.4513776	647
89428 Altenberg	sbs056alb	48.6605935	10.3104313	648
89428 Staufen	sbs043stf	48.6595883	10.276145	649
89429 Bachhagel	sbs057bah	48.627911	10.3015509	650
89437 Unterbechingen	sbs058ube	48.6156874	10.352034	651
89440 Unterliezheim	sbs046uli	48.6846336	10.5405867	652
89443 Gremheim	sbs061gre	48.6365056	10.6415215	653
89446 Ziertheim	sbs044zir	48.6625262	10.3302053	654
89561 Demmingen	sbs045dem	48.6783143	10.4267311	655
90427 Gro�gr�ndlach	smf042gru	49.5030318	10.9654839	656
90475 Brunn	smf075bru	49.4251396	11.2480684	657
90518 Rasch	smf093ras	49.3678291	11.3702115	658
90518 R�thenbach/St	smf091rob	49.4012407	11.3347719	659
90522 Oberasbach	smf072oas	49.4235725	10.9336719	660
90530 Kleinschwarzenlohe	smf090kls	49.3473763	11.1044596	661
90542 Eckental	smf027eck	49.5855404	11.18094	662
90552 Haimendorf	smf060hai	49.4713925	11.2854989	663
90559 Burgthann	smf092bth	49.3370851	11.2579323	666
90559 Unterferrieden		49.3250234	11.3016612	667
90574 Ro�tal	smf071ros	49.3882141	10.8197299	668
90579 Langenzenn	smf054lan	49.4888974	10.7139869	669
90584 Ebenried	smf120ebr	49.2182366	11.2848919	670
90587 Obermichelbach	smf040omb	49.5212275	10.8481665	671
90596 Schwand	smf105swa	49.3033032	11.1074862	672
90599 Dietenhofen	smf069dit	49.3979721	10.6141473	673
90599 Ebersdorf	smf068ebe	49.4125009	10.6452986	674
90602 Pyrbaum/Pruppach	sno280pyr	49.2817484	11.2325308	675
90613 Vincenzenbronn	smf070vin	49.4140457	10.8155177	676
90617 Puschendorf	smf039pus	49.524629	10.8086749	677
90619 Trautskirchen	smf052trk	49.4645155	10.541233	678
91052 Erlangen	smf026erl	49.5864045	10.9962563	679
91056 Dechsendorf	smf025dex	49.629157	10.9346773	680
91056 H�ttendorf	smf041hud	49.5415226	10.955986	681
91077 Hetzles	sno164het	49.6229386	11.718883	682
91077 R�dlas	sno156roe	49.6359277	11.1791761	683
91083 Baiersdorf	smf014bai	49.6580236	10.990074	684
91090 Effeltrich	sno162eff	49.6639022	11.708129	685
91097 Oberreichenbach	smf024orb	49.5929855	10.7550463	686
91126 Kammerstein	smf104kam	49.3195752	10.9383593	687
91154 Belmbrach	smf118bel	49.2299578	11.958109	688
91161 Heuberg	smf119heu	49.2070264	11.1900536	689
91161 Hofstetten	smf131hof	49.1796444	11.1633818	690
91161 Lay	smf132lay	49.1499312	11.2703134	691
91166 Mauk	smf130mau	49.1689656	11.638995	692
91171 Esselberg		49.386335	11.2669271	693
91171 Kaising		49.405127	11.3947195	694
91174 F�nfbronn	smf128fuf	49.1690259	10.8719622	695
91174 Mosbach	smf129mos	49.1872381	10.9661068	696
91177 Alfershausen	smf144alh	49.1064139	11.1781097	697
91177 M�ssing	smf145uma	49.1014441	11.1572768	698
91180 Laibstadt	smf143lai	49.1004217	11.1293279	699
91183 Abenberg	smf117abe	49.2336434	10.8599018	700
91183 Wassermungenau	smf116was	49.217435	10.8779732	701
91189 Regelsbach	smf089reg	49.3692083	10.9425979	702
91207 Simonshofen	smf044sim	49.5498664	11.2624261	704
91207 Tauchersreuth	smf043tau	49.5454427	11.2055943	705
91220 Hinterhof	smf073hin	49.5890452	11.2744928	706
91224 Heldmannsberg	smf063hel	49.4653568	11.5589031	707
91230 Happurg	smf062hap	49.4657075	11.4263004	708
91235 Velden	smf030vel	49.6026667	11.4323613	709
91236 Alfeld	smf077alf	49.4332725	11.4967725	710
91238 Engelthal	smf061eng	49.4557529	11.3482443	711
91238 Kucha	smf076kuc	49.4318411	11.4127056	712
91241 Kirchensittenbach	smf045kir	49.5715277	11.3501952	713
91245 H�ttenbach	smf028hub	49.6080529	11.3222737	714
91245 Strahlenfels	smf029str	49.6520941	11.3653932	715
91247 Vorra	smf046vor	49.5562867	11.4184808	716
91257 Bronn	sno091bro	49.7264642	11.4592128	717
91257 B�chenbach	sno088bue	49.7966181	11.5108965	718
91257 Troschenreuth	sno089tro	49.7664587	11.5988673	719
91275 Michelfeld	sno031mic	49.7045109	11.5741373	720
91275 Nitzlbuch	sno034nit	49.6746639	11.6485565	721
91275 Ranna/H�fen	sno033ran	49.6535325	11.5679422	722
91278 K�hlenfels	sno090kue	49.7368457	11.411905	723
91278 T�chersfeld	sno087tue	49.7862872	11.3559649	724
91281 Neuzirkendorf	sno244neu	49.7495002	11.6613287	726
91281 Thurndorf	sno238thu	49.7711751	11.6507354	727
91282 Stierberg	sno092sti	49.6796368	11.3832314	728
91284 Neuhaus	smf031neu	49.6212051	11.4759164	729
91287 Plech	sno093ple	49.675983	11.4304874	730
91320 Gasseldorf	sno154gas	49.7990593	11.1969886	731
91322 Gr�fenberg	sno163gra	49.6638044	11.1687632	732
91325 Uttstadt	smf007utt	49.717563	10.899059	733
91330 Rettern	sno159ret	49.7555266	11.97222	734
91330 Weigelshofen	sno157wei	49.7875825	11.872316	735
91332 Heiligenstadt	sno043hei	49.8786585	11.837568	736
91336 Oesdorf	sno158oes	49.7076029	10.9729103	737
91341 R�ttenbach	smf013rot	49.6549092	10.9172884	738
91344 Waischenfeld	sno082wai	49.8408516	11.2632429	739
91346 Muggendorf	sno155mug	49.8032846	11.2545526	740
91347 Hochstahl	sno068hoc	49.8834599	11.2650837	741
91349 Egloffstein	sno161egl	49.7132902	11.2238564	742
91350 Gremsdorf	smf012grm	49.6844297	10.8148569	743
91356 Kirchehrenbach	sno160kir	49.7333134	11.1368869	744
91413 Schellert	smf037sel	49.5411719	10.6178781	745
91438 Oberntief	smf035obt	49.5359109	10.3802408	746
91438 Windsheim	smf050bwh	49.5069712	10.4041994	747
91448 Emskirchen	smf038ems	49.5527387	10.6635859	748
91452 Wilhermsdorf	smf053whd	49.4690554	10.6502564	749
91456 Diespeck	smf021stu	49.5988541	10.5523658	750
91465 Ergersheim	smf034erg	49.5160495	10.2703074	752
91466 Birnbaum	smf023bir	49.6264463	10.7152856	753
91472 Ipsheim	smf036ips	49.5343067	10.4403493	754
91474 Langenfeld	smf020laf	49.6142073	10.4768899	755
91478 Ulsenheim	smf018uls	49.5587489	10.2931649	756
91480 Frankfurt	smf009fra	49.6810219	10.5218715	757
91481 M�nchsteinach	smf010mun	49.653585	10.5238638	758
91483 Oberambach	smf008oam	49.6894447	10.4136712	759
91483 Oberscheinfeld	smf001osf	49.7149554	10.3694528	760
91484 Sugenheim (=Deutenheim)	smf019deu	49.5867482	10.4147382	761
91486 Uehlfeld	smf011ulf	49.6669985	10.6345588	762
91522 Dornberg	smf098dor	49.3074262	10.4985513	763
91541 Brundorf	smf078bru	49.3681871	10.1376186	765
91550 Segringen	smf146seg	49.597721	10.2871402	766
91555 Breitenau	smf108brt	49.2102713	10.2576916	767
91555 Breitenthann (=Dorfg�tingen)	smf109dog	49.2147786	10.298361	768
91555 Lotterhof	smf123lot	49.1868954	10.2471312	769
91555 Oberahorn	smf122oah	49.1786235	10.400761	770
91560 Heilsbronn	smf086hei	49.3463442	10.7236213	771
91572 Kleinried	smf125klr	49.1911211	10.5814909	774
91575 Leipersloh	smf103lei	49.2569678	10.8881643	775
91575 Windsbach	smf102wib	49.2577009	10.7568698	776
91578 Leutershausen	smf097leu	49.2959028	10.3344373	777
91583 Diebach	smf095dib	49.2937038	10.1900514	778
91586 Lichtenau (=Gotzendorf)	smf101got	49.2758715	10.6744638	779
91589 Aurach	smf110aur	49.2408714	10.3225283	781
91590 Wustendorf	smf085wus	49.3382112	10.6810433	782
91592 Traisdorf	smf096tra	49.3044736	10.300102	783
91593 Burgbernheim	smf049bgb	49.4608434	10.2552209	784
91595 Burgoberbach	smf113bob	49.2215618	10.5521565	785
91598 Colmberg	smf082col	49.3686431	10.3396519	786
91604 Flachslanden	smf067fla	49.407924	10.4502793	787
91607 Gebsattel	smf080geb	49.3416811	10.1879249	788
91608 Geslau	smf081ges	49.3624276	10.2760544	789
91611 Lehrberg	smf083leh	49.3569432	10.4272463	790
91614 M�nchsroth	smf147mon	49.250525	10.318004	791
91617 Oberdachstetten	smf066ods	49.4089345	10.402848	792
91619 Obernzenn	smf051obz	49.449324	10.4182234	793
91620 Ohrenbach	smf048ohr	49.4674395	10.183823	794
91623 Sachsen	smf100sax	49.2854201	10.6202955	795
91625 Schnelldorf (=Gailroth)	smf107gai	49.2300831	10.1264721	796
91626 Schopfloch	smf133spf	49.1138418	10.2644335	797
91628 Gattenhofen	smf064gat	49.417206	10.193628	798
91629 Petersdorf	smf084pet	49.3594567	10.6496397	799
91631 Wettringen	smf094wet	49.2590942	10.1284089	800
91632 Wieseth	smf124wie	49.1705663	10.4382174	801
91635 Windelsbach (=Hornau)	smf065hor	49.4137025	10.3142108	802
91639 Wolframs-Eschenbach	smf114wol	49.220441	10.6656628	803
91717 Geilsheim	smf149gei	49.315052	10.6433098	806
91719 Hechlingen	sbs004hec	48.977587	10.7251808	807
91720 Absberg	smf141abs	49.1579058	10.8295855	808
91725 Ehingen	smf136ehi	49.941542	10.4758633	810
91726 Gerolfingen	smf148ger	49.481364	10.4777675	811
91728 Gnotzheim	smf150gnz	49.539769	10.6743405	812
91731 Ammelbruch	smf135aml	49.961044	10.4624461	813
91734 Mitteleschenbach	smf115mit	49.2133816	10.7656254	814
91737 Ornbau	smf126orn	49.1739283	10.618978	815
91738 Pfofeld	smf140pfo	49.1141968	10.8317195	816
91743 Unterschwaningen	smf137usw	49.940949	10.5841325	817
91747 Westheim	smf159wsm	49.31714	10.6020668	818
91757 Dietfurt	sbs014dft	48.9432323	10.9275514	819
91757 M�hren	sbs013mor	48.9357446	10.8701732	820
91757 Windischhausen	smf161win	48.9705139	10.8333519	821
91781 Dettenheim	sbs006det	48.9854365	10.9421794	822
91781 Niederhofen	smf155nie	49.409605	11.241705	823
91785 Pleinfeld	smf142ple	49.1204722	10.9146429	824
91788 Bieswang	sbs015bwg	48.9292387	11.344925	825
91790 Raitenbuch	sbs007rai	49.256294	11.562248	826
91795 Obereichst�tt	sbs024oei	48.8911256	11.1252819	828
91799 Langenaltheim	sbs022lah	48.8919497	10.8437203	829
91801 Markt Berolzheim	sbs005mbe	49.7119	10.8003894	830
91802 Meinheim	smf151mei	49.22624	10.7718949	831
91804 M�rnsheim	sbs023moh	48.8540222	10.9609324	832
91805 D�ckingen	sbs012dok	48.933708	10.752204	833
91809 Biesenhard	sbs034bid	48.821854	11.1380519	834
91809 Wellheim	sbs033wlm	48.8182032	11.677945	835
92204 Amberg	sno004amb	49.4543109	11.7755523	836
92242 Hirschau	sno020hir	49.5522187	11.8646679	837
92242 Massenricht	sno014mas	49.5964451	11.9463604	838
92249 Langenbruck	sno032lan	49.642887	11.7893782	839
92249 Wickenricht/Oberwei�enbach	sno037wic	49.6054996	11.7372756	840
92253 Holzhammer	sno021hol	49.5491151	12.564266	841
92253 Sitzambuch	sno024sit	49.5184383	12.363506	842
92256 Hahnbach	sno018hah	49.5388122	11.7367368	843
92259 R�ckenricht	sno017roe	49.529686	11.677879	844
92260 Ammerthal	sno005amm	49.442225	11.7307099	845
92262 Poppberg	sno025pop	49.4110394	11.589174	846
92266 Wolfsbach/ Thanheim	sno011wol	49.3662917	11.9077966	847
92269 D�rnsricht		49.4014665	12.631403	848
92271 Seugast	sno013seu	49.6022766	11.8834372	849
92271 Tanzfleck	sno035tan	49.6377259	11.8987046	850
92272 Freudenberg	sno006fre	49.4640329	11.8873509	853
92272 Hiltersdorf	sno008hil	49.4271632	11.9249635	854
92274 Gebenbach	sno019geb	49.5505419	11.8418695	855
92275 Eschenfelden	sno015esc	49.5801501	11.6114605	856
92275 Hirschbach/Schmidtstadt	sno016hir	49.5716923	11.5473429	857
92277 Egelsheim	sno001ege	49.3106921	11.8509392	858
92278 Bachetsfeld	sno022bac	49.4899537	11.6481071	859
92278 Illschwang	sno026ill	49.4548134	11.6236159	860
92281 K�nigstein	sno036koe	49.6007778	11.6182415	863
92283 Gebertshofen	sno275geb	49.4074199	11.5431781	864
92283 Traunfeld	sno273tra	49.4131629	11.4717483	865
92286 Vilshofen	sno003vil	49.2970794	11.9418599	867
92287 Emhof	sno030emh	49.2384614	11.9261251	868
92289 Garsdorf	sno007gar	49.3720684	11.8265401	869
92289 Hausen	sno029hau	49.3523428	11.7590138	870
92331 Darshofen	sno288dar	49.1702786	11.6872989	871
92331 H�rmannsdorf	sno294hoe	49.2087778	11.7497936	872
92331 Lupburg	sno289lup	49.163045	11.6606617	873
92334 Berching	sno274ber	49.1248945	11.3943576	874
92334 Raitenbuch	sno277rai	49.830991	11.5156217	875
92339 Amtmannsdorf	sob007amt	48.9979672	11.5295681	876
92339 Aschbuch	sob006abu	48.9772128	11.4840183	877
92339 Kevenhuell	sob002kev	49.582407	11.5068685	878
92342 Burggriesbach	sno271bur	49.1269815	11.3577649	879
92345 Dietfurt an der Altm�hl	sno297die	49.241348	11.4562984	880
92348 St�ckelsberg	sno276sto	49.384251	11.4338157	881
92355 Albertshofen	sno287alb	49.3000896	11.6850115	883
92355 Velburg	sno293vel	49.2634604	11.5306705	884
92358 Schnufenhofen	sno286sch	49.1509919	11.5928637	885
92360 Kruppach	sno296kru	49.1859342	11.3922039	886
92360 M�hlhausen	sno284mue	49.1768843	11.3980335	887
92361 Berngau	sno290ber	49.2551414	11.3155558	888
92363 Breitenbrunn	sno278bre	49.915962	11.5539203	889
92364 Deining	sno292dei	49.2140364	11.4670877	890
92366 Hohenfels	sno295hoh	49.2254216	11.7154765	891
92367 Dietkirchen	sno285die	49.291937	11.5821205	892
92369 Sengenthal	sno291sen	49.2204368	11.4113235	893
92431 Eixendorf	sno361eix	49.357185	12.4455873	894
92431 Katzdorf	sno365kat	49.3516508	12.3604277	895
92436 Sollbach	sno267sol	49.2358738	12.322909	896
92442 Wackersdorf	sno339wac	49.3158617	12.1226493	897
92444 Heinrichskirchen	sno097hei	49.3984623	12.5229171	898
92444 R�tz	sno100roe	49.3533467	12.4628979	899
92445 Neukirchen-Balbini	sno363neu	49.2907715	12.3506638	900
92447 Schwarzhofen	sno360sch	49.3824146	12.2633389	901
92447 Zangenstein	sno356zan	49.3971526	12.3029373	902
92507 Nabburg	sno346nab	49.4507916	12.1076548	903
92526 Lind	sno350lin	49.4642904	12.4647729	904
92536 Pamsendorf/Fuchsendorf	sno347pam	49.4940164	12.2703458	908
92539 Sch�nsee	sno351sch	49.5105553	12.4864069	909
92543 Guteneck/Pischdorf	sno355gut	49.4602559	12.3026025	910
92551 Stulln	sno354stu	49.4179595	12.974444	913
92552 Wildstein	sno343wil	49.5242701	12.4142286	914
92554 Kulz	sno357kul	49.4059509	12.4545899	915
92555 Trausnitz	sno342tra	49.5318089	12.22437	916
92648 Roggenstein	sno258rog	49.6421783	12.2619011	919
92665 Klobenreuth	sno251klo	49.7581303	12.1329736	921
92670 Bernstein	sno237ber	49.8366482	12.1485946	922
92670 Windischeschenbach	sno243win	49.8167597	12.847049	923
92676 Eschenbach	sno246esc	49.7432003	11.7927968	924
92676 Speinshart	sno240spe	49.7996667	11.7514977	925
92685 Schlattein	sno252sch	49.759212	12.273149	926
92693 Eslarn	sno269esl	49.5817737	12.4519169	928
92697 Georgenberg	sno254geo	49.7000989	12.3392868	929
92697 Waldkirch	sno253wal	49.7249425	12.379931	930
92700 Kaltenbrunn	sno255kal	49.6559714	11.9354573	931
92702 Hannersgr�n	sno263han	49.5995278	12.39912	932
92705 Leuchtenberg	sno265leu	49.5842565	12.1916791	933
92706 Luhe	sno264luh	49.5830483	12.1339442	934
92708 Mantel	sno256man	49.6561588	11.9940304	935
92709 Moosbach	sno268moo	49.5735567	12.3507312	936
92711 Parkstein	sno249par	49.7359058	11.9913743	938
92714 Miesbrunn	sno261mie	49.6542423	12.426186	939
92718 Schirmitz	sno257sch	49.6512719	12.1607273	940
92723 Gleiritsch	sno349gle	49.5028092	12.3019401	941
92724 Zessau/Weihersberg	sno241zes	49.7934241	11.9171309	943
92727 Ottenrieth	sno260ott	49.6828406	12.3053291	945
93077 Peising	snb039pei	48.9208967	12.529518	947
93080 Neudorf	sno322neu	48.9581835	12.1056013	948
93086 Weihern	sno320wei	49.270382	12.4554072	949
93092 Barbing	sno317bar	48.9999414	12.1942238	950
93093 Sulzbach an der Donau	sno318sul	49.293285	12.2359102	951
93096 K�fering	sno323koe	48.9377423	12.1640674	952
93098 Mintraching	sno324min	48.9461255	12.1916693	953
93098 Moosham	sno328moo	48.9253755	12.2665313	954
93099 Sch�nach	sno330sch	48.9117745	12.4154617	955
93101 Pfakofen	sno332pfa	48.8618942	12.1895915	956
93102 Geisling	sno325gei	48.9714986	12.3169032	957
93102 Herfurt/Gm�nd	sno326her	48.9599741	12.2963113	958
93104 Riekofen	sno329rie	48.9179091	12.2986233	959
93104 S�nching	sno333sue	48.8718509	12.3198097	960
93107 Thalmassing	sno327tha	48.9093307	12.692357	961
93109 Kruckenberg	sno319kru	49.148946	12.3335224	962
93138 Oppersdorf	sno315opp	49.55953	12.69069	964
93138 Steinhof/Rohrdorf	sno307ste	49.1162868	12.2079991	965
93142 Pirkensee	sno368pir	49.1607608	12.715477	966
93149 Fischbach	sno366fis	49.2349264	12.1970421	967
93152 Sch�nhofen	sno314sch	49.112393	11.9500208	968
93155 Hemau	sno312hem	49.437428	11.7092564	969
93155 Thonlohe	sno311tho	49.331457	11.6827675	970
93161 Bergmatting	sno321ber	48.9690985	11.9794549	971
93164 Laaber	sno305laa	49.742565	11.8247797	972
93167 Falkenstein	sno126fal	49.995522	12.4086743	973
93170 Bernhardswald	sno309ber	49.1010603	12.1725142	974
93170 Pettenreuth	sno303pet	49.1322447	12.251142	975
93173 Wenzenbach	sno308wen	49.763929	12.1631379	976
93176 Beratzhausen	sno304ber	49.1225286	11.7513603	977
93177 Altenthann/Stubenthal	sno310alt	49.859267	12.2304892	978
93180 Deuerling	sno313deu	49.313183	11.8798774	979
93183 Dinau	sno300din	49.1635149	11.8897474	980
93186 Kneiting	sno298kne	49.258108	12.262763	982
93188 Pielenhofen	sno306pie	49.72855	11.9438605	983
93192 Wald	sno117wal	49.1309151	12.2829901	984
93199 Beucherling/Unterzell	sno118beu	49.1639329	12.4250822	985
93199 Schillertswiesen	sno125sch	49.1081547	12.3953639	986
93309 Herrnsaal	snb038hsl	48.9095573	11.9410762	987
93309 Kelheim	snb037kel	48.9092884	11.8115949	988
93326 Pullach	snb056pul	48.8469219	11.8676129	989
93326 Sandharlanden	sno233san	48.8381281	11.8113044	990
93333 M�hlhausen	snb076muh	48.7755869	11.7865034	991
93336 Hexenagger	sob014hex	48.9207068	11.6781962	992
93336 Schamhaupten	sob013shp	48.9151173	11.5920791	993
93339 Riedenburg	snb022rie	48.9698455	11.6297082	994
93343 Essing	snb036ess	48.9451205	11.768559	995
93345 Gro�mu�	snb057gro	48.8376912	11.9550598	996
93349 Mindelstetten	sob022min	48.8557322	11.588678	997
93351 Painten	snb024pai	48.9960134	11.7748855	998
93352 Obereulenbach	snb100oeu	48.7504025	11.9714758	999
93352 Sallingberg	snb078sal	48.7911247	11.9226584	1000
93354 Biburg	snb077bib	48.7848984	11.8168668	1001
93358 Train	snb099tra	48.7278479	11.7835914	1002
93413 Katzberg	sno112kat	49.2350333	12.6508522	1003
93426 Neub�u	sno110neu	49.2398645	12.4342853	1004
93426 Obertr�benbach	sno119obe	49.1597925	12.5540655	1005
93444 Traidersdorf	sno123tra	49.1556522	12.9284422	1006
93449 Herzogau	sno102her	49.3537772	12.7178304	1007
93453 Mais	sno108mai	49.2363793	12.982075	1009
93453 Rittsteig	sno109rit	49.2483446	13.369342	1010
93455 Siedling/Trefling	sno120sie	49.1546919	12.6570819	1012
93458 Schwarzenberg	sno096sch	49.2696238	12.896216	1013
93462 Lam	sno116lam	49.1934614	12.992257	1014
93466 Chamerau	sno113cha	49.2017422	12.7358995	1015
93468 Miltach	sno121mil	49.1460122	12.7088928	1016
93470 Lohberg-Eggersberg	sno124loh	49.1811025	13.88492	1017
93471 Arnbruck	snb001arn	49.1347176	12.9196217	1018
93473 Arnschwang	sno107arn	49.2633343	12.7456762	1019
93477 Glei�enberg	sno106gle	49.3244611	12.7142074	1021
93479 Grafenwiesen	sno114gra	49.2042578	12.8471103	1022
93480 Hohenwarth	sno115hoh	49.2012118	12.902168	1023
93482 Grafenkirchen	sno104gra	49.3024938	12.6260119	1024
93483 P�sing	sno111poe	49.2336796	12.5338229	1025
93488 D�fering	sno101doe	49.3398331	12.6278148	1026
93491 Stamsried	sno103sta	49.2764668	12.4464333	1027
93492 Treffelstein	sno098tre	49.4168805	12.5558268	1028
93495 Weiding	sno105wei	49.2637354	12.6856358	1029
94032 Passau	snb159pas	48.567439	13.4288841	1030
94036 Heining	snb158hei	48.5885937	13.3789253	1031
94051 Germannsdorf	snb140ger	48.6350328	13.663606	1032
94051 Ra�berg	snb139ras	48.671225	13.5546231	1033
94060 K�hnham	snb204kuh	48.4023801	13.2460702	1034
94060 Pocking-Hartkirchen	snb205poc	48.4033016	13.3808181	1035
94065 Karlsbach	snb095kar	48.7659721	13.5800312	1036
94065 Unterh�henstetten	snb117uhs	48.7209987	13.5551981	1037
94078 Kreuzberg	snb073kre	48.8392377	13.5493481	1038
94086 Griesbach im Rottal	snb191gri	48.4695344	13.1218825	1039
94089 Altreichenau	snb097alt	48.7714076	13.7213185	1040
94094 Asbach	snb203asb	48.3963898	13.1759857	1041
94094 Malching	snb213mlg	48.3254912	13.1384047	1042
94099 H�tting	snb192hut	48.4670613	13.2913014	1043
94099 Sulzbach	snb193sul	48.4594181	13.3774959	1044
94104 Tittling	snb115tit	48.7286673	13.3568319	1045
94107 Untergriesbach	snb161ugr	48.5745988	13.5985268	1046
94110 Thalberg	snb141tal	48.6586644	13.7876398	1047
94110 Wegscheid	snb162weg	48.6163207	13.6964399	1048
94116 Prag	snb116pra	48.7062935	13.4841113	1049
94118 Heindlschlag	snb118hsg	48.7015766	13.6662539	1050
94124 B�chlberg	snb138buc	48.6789976	13.4669293	1051
94127 Neukirchen/Inn	snb178nki	48.5176825	13.3679143	1052
94136 Kellberg	snb160klb	48.5936604	13.5361963	1053
94139 Breitenberg	snb119bre	48.6929174	13.7445775	1054
94140 Ering	snb220eri	48.3148079	13.541913	1055
94143 Grainet	snb096grt	48.7976214	13.5891024	1056
94145 Haidm�hle	snb075hmu	48.8355928	13.6584973	1057
94146 Herzogsreut	snb074hrt	48.8378445	13.6334186	1058
94149 K�sslarn	snb212kos	48.3700227	13.889535	1059
94151 Finsterau	snb035fin	48.9312845	13.5711748	1060
94151 Mauth	snb052mau	48.902276	13.5196829	1061
94157 Waldenreut	snb093wrt	48.7750732	13.4279921	1062
94158 Mitterfirmiansreut	snb053mfr	48.8925435	13.6449957	1063
94160 Ringelai	snb072rgl	48.8089042	13.4252461	1064
94161 Ruderting	snb137rud	48.6593644	13.3662534	1065
94163 Lembach	snb092lem	48.7689076	13.3997491	1066
94166 Stubenberg	snb219stu	48.3225133	12.9979933	1067
94169 Thurmansbang	snb091tbg	48.7754249	13.2346182	1068
94209 Regen	snb032reg	48.9677462	13.595496	1069
94224 Teisnach	snb017tei	48.9606089	12.9703339	1070
94227 Lindberg	snb021lib	49.631503	13.2463627	1071
94227 Rabenstein	snb019rab	49.391632	13.1934155	1072
94227 Zwiesel	snb020zwi	49.250236	13.1442902	1073
94234 Viechtach	snb007vie	49.909057	12.8485798	1074
94239 Zachenberg	snb030zac	48.9673895	12.9324343	1075
94249 Bodenmais	snb009bod	49.792158	13.373543	1076
94250 Achslach	snb029ach	48.973003	12.8296263	1077
94252 Bayerisch Eisenstein	snb010bei	49.1168677	13.1146318	1078
94253 Bischofsmais	snb047bis	48.9194381	13.27184	1079
94256 Drachselsried	snb008dra	49.1042772	12.9574904	1080
94258 Frauenau	snb034fra	48.9836519	13.2510139	1081
94259 Kirchberg im Wald	snb048kbw	48.8971826	13.1146078	1082
94262 Kirchaitnach	snb016kai	49.36398	12.8846625	1083
94264 Brandten	snb018bra	49.333603	13.1484348	1084
94267 Prackenbach	snb006prb	49.956782	12.7512412	1085
94269 Rinchnach	snb033rin	48.9505626	13.1756484	1086
94315 Straubing	snb041str	48.8830876	12.5036773	1087
94327 Bogen	snb043bog	48.9123512	12.6458153	1088
94333 Hainsbach	snb082hsb	48.8042858	12.4199739	1089
94333 Wallkofen	snb059wkf	48.8452776	12.3055682	1090
94339 Hailing	snb106hlg	48.7432185	12.5523365	1091
94339 Oberwalting	snb083owa	48.7934838	12.5074845	1092
94342 Irlbach	snb063irl	48.851806	12.6710326	1093
94344 Wiesenfelden	snb012wif	49.421362	12.4744172	1094
94344 Zinzenzell	snb002zin	49.769706	12.5756844	1095
94347 B�rnzell	snb026bar	48.9583261	12.60822	1096
94348 Atting	snb040ati	48.8924811	12.4628845	1097
94351 Feldkirchen	snb061fel	48.8282862	12.4993394	1098
94353 Haibach	snb014hab	49.288984	12.6940505	1099
94354 Dachsberg	snb027dac	49.92709	12.6155589	1100
94356 Oberzeitldorn	snb025oze	48.9604515	12.4996022	1101
94357 Gossersdorf	snb003gos	49.854943	12.6923083	1102
94363 Grafling	snb085grf	48.7897497	12.7165184	1103
94363 Oberschneiding	snb084osc	48.7798833	12.5927409	1104
94365 Parkstetten	snb042par	48.9198551	12.5769485	1105
94366 Perasdorf	snb028pdf	48.9528735	12.7733934	1106
94368 Perkam	snb060pkm	48.8649142	12.4059886	1107
94372 Rattiszell	snb013raz	49.345904	12.5976269	1108
94374 Schwarzach	snb044szh	48.9285446	12.7768933	1109
94379 Klinglbach	snb015kli	49.232197	12.7941108	1110
94405 Landau	snb130lan	48.6560939	12.6389218	1111
94419 Englmannsberg	snb150eng	48.5890992	12.6108096	1112
94419 Failnbach	snb169fai	48.533089	12.6189297	1113
94424 Hainberg	snb171hbg	48.5452453	12.8000248	1114
94424 Mitterhausen	snb172mih	48.5470982	12.8506923	1115
94424 Ruppertskirchen	snb152rup	48.5724735	12.7705313	1116
94428 Exing	snb131exi	48.6367595	12.7766554	1117
94428 Hartkirchen	snb132hki	48.6538833	12.8989425	1118
94431 Waibling	snb107wai	48.7093458	12.6229259	1119
94436 Haunersdorf	snb151hdf	48.6064977	12.7165475	1120
94437 Mamming	snb129mam	48.6407113	12.5335782	1121
94439 M�nchsdorf	snb153mdf	48.5879343	12.8987238	1122
94444 Eining	snb055ein	48.8556515	11.7693774	1123
94447 Plattling	snb087pla	48.7818667	12.8700729	1124
94469 Mietraching	snb066mie	48.8553592	12.984461	1125
94469 Seebach	snb088seb	48.797406	13.56613	1126
94474 Sandbach	snb157san	48.6046689	13.2554519	1127
94474 Zeitlarn	snb156zei	48.611058	13.1914452	1128
94481 Grafenau	snb070gra	48.8440128	13.3423857	1129
94481 Schlag	snb071slg	48.8541089	13.3867156	1130
94486 Niederm�nchsdorf	snb111nmd	48.7177236	12.9963182	1131
94491 Waltersdorf	snb089wtd	48.7612698	13.885723	1132
94496 Dorfbach	snb177dob	48.5261746	13.2284085	1133
94501 Aldersbach	snb155ald	48.5802968	13.95382	1134
94501 P�rndorf	snb154por	48.5952	12.9991635	1135
94505 Bernried	snb045ber	48.9134066	12.8332443	1136
94508 Sch�llnach	snb090slh	48.7763309	13.1215758	1137
94513 Eppenschlag	snb049epe	48.8907255	13.2702831	1138
94518 Spiegelau	snb050spi	48.9263266	13.2649231	1139
94522 Haidlfing	snb108haf	48.7377127	12.7062102	1140
94526 Metten	snb065met	48.8579971	12.8722766	1141
94527 Aholming	snb110aho	48.7362658	12.8557174	1142
94532 Au�ernzell	snb113aus	48.7313838	13.186949	1143
94535 Eging am See	snb114egi	48.7107183	13.218696	1144
94539 Grafling	snb046grg	48.9119102	12.9207348	1145
94542 Sachsenham	snb175sam	48.5234212	13.1499936	1146
94548 Innernzell	snb069inz	48.8467116	13.236821	1147
94550 Forsthart	snb133for	48.6339069	13.203548	1148
94550 K�nzing	snb134kun	48.6543068	12.9828436	1149
94551 Hunding	snb068hun	48.8546716	13.1118036	1150
94553 Mariaposching	snb064mpg	48.8511722	12.7786854	1151
94556 Neusch�nau	snb051nsc	48.8984125	13.4081762	1152
94562 Oberp�ring	snb109opo	48.7049253	12.796952	1153
94565 Rathsmannsdorf	snb136rmd	48.6592556	13.2441018	1154
94569 Rottenmann	snb086rot	48.7959803	12.7990173	1155
94571 Urlading	snb067url	48.8334083	13.765992	1156
94575 Windorf	snb135wid	48.6452547	13.2010667	1157
94577 Winzer	snb112win	48.7144673	13.53138	1158
95100 Selb-Pl��berg	sno406sel	50.1909795	12.1129906	1159
95100 Spielberg	sno405spi	50.1622633	12.418904	1160
95126 Hallerstein	sno188hal	50.184228	11.917926	1162
95126 Schwarzenbach an der Saale	sno183sch	50.2033086	11.8617137	1163
95126 Seulbitz	sno182seu	50.212001	11.8703351	1164
95131 Schwarzenbach am Wald	sno174sch	50.2835087	11.5421895	1165
95163 Wei�enstadt	sno407wei	50.103325	11.8096863	1168
95168 H�chst�dt im Fichtel	sno409hoe	50.990095	12.388455	1169
95176 Konradsreuth	sno177kon	50.2566622	11.7697698	1171
95180 Schnarchenreuth	sno171sch	50.388962	11.777364	1172
95182 D�hlau	sno178doe	50.2872746	11.9309935	1173
95183 Feilitzsch	sno173fei	50.381514	11.8368432	1174
95183 M�nchenreuth	sno167mue	50.4136497	11.9184573	1175
95189 Joditz	sno172jod	50.371448	11.8353929	1176
95191 Leupoldsgr�n/Lipperts	sno176leu	50.2975199	11.7930516	1177
95192 Lichtenberg	sno169lic	50.3761918	11.6312902	1178
95194 Regnitzlosau	sno179reg	50.2990686	11.9810589	1179
95233 Enchenreuth	sno180enc	50.2413114	11.617719	1181
95233 Helmbrechts	eno181hel	50.2400453	11.6321399	1182
95234 Sparneck	sno187spa	50.1531363	11.8120219	1183
95236 Gundlitz	sno189gun	50.1348328	11.6543896	1184
95326 Kirchleus	sno214kir	50.1712762	11.3815155	1185
95339 Wirsberg	sno220wir	50.1014025	11.5176389	1187
95346 Stadtsteinach	sno215sta	50.1803609	11.4463568	1188
95349 Tannfeld	sno210tan	49.9825094	11.3980882	1189
95352 Marktleugast	sno217mar	50.1699679	11.5693764	1190
95355 Presseck	sno213pre	50.2260767	11.4660198	1191
95358 Guttenberg	sno216gut	50.1618723	11.5388745	1193
95359 Kasendorf	sno222kas	50.406067	11.2749333	1194
95361 Kauerndorf/F�lschnitz	sno219kau	50.1078979	11.5055172	1195
95444 Bayreuth	sno079bay	49.9441742	11.5573872	1197
95463 Euben/Ramsenthal	sno073eub	49.9842956	11.5703582	1198
95466 Neunkirchen am Main	sno080neu	49.9233773	11.6437089	1199
95469 Speichersdorf	sno086spe	49.8689305	11.7146423	1200
95473 Haag	sno084haa	49.8746301	11.5376697	1201
95473 Prebitz	sno085pre	49.8244928	11.6491915	1202
95478 Guttenberg	sno393gut	49.8499475	11.9788397	1203
95478 Kemnath	sno359kem	49.8607466	11.8753851	1204
95482 Gefrees	sno070gef	50.917926	11.6753539	1205
95485 Oberwarmensteinach	sno075obe	49.9991428	11.7951787	1206
95488 Busbach	sno077bus	49.9418044	11.3970161	1207
95493 Bischofsgr�n	sno072bis	50.637171	11.7553178	1208
95500 Altenplos	sno067alt	49.9859321	11.4975259	1210
95502 Lanzendorf	sno223lan	50.510865	11.5962075	1211
95503 Hinterkleebach	sno083hin	49.8397419	11.4720386	1212
95503 Pittersdorf	sno078pit	49.8940836	11.4891394	1213
95506 Kastl	sno392kas	49.8274066	11.8684435	1214
95508 Kulmain	sno384kul	49.9138429	11.850538	1215
95512 Langenstadt	sno209lan	50.341571	11.4501739	1217
95514 Neustadt am Kulm	sno236neu	49.8269796	11.8023344	1218
95519 Schlammersdorf	sno239sch	49.7983268	11.6800868	1219
95615 Groschlattengr�n	sno380gro	49.9734	12.14574	1220
95632 Hildenbach	sno412hil	50.39509	11.95144	1221
95632 Holenbrunn	sno413hol	50.49599	12.3926	1222
95643 Tirschenreuth	sno396tir	49.87812	12.33784	1223
95643 Wondreb	sno389won	49.908588	12.38527	1224
95659 Roethenbach	sno414roe	50.5809	12.16516	1227
95666 Leonberg	sno388leo	49.9419832	12.2375164	1228
95671 B�rnau	sno401bae	49.810768	12.43302	1229
95676 Wiesau	sno387wie	49.90073	12.19522	1230
95679 Waldershof	sno379wal	49.97784	12.6364	1231
95685 Falkenberg	sno395fal	49.858719	12.22463	1232
95688 Friedenfels	sno394fri	49.880791	12.10317	1233
95691 Neuhaus an der Eger	sno410neu	50.104309	12.16682	1234
95692 Konnersreuth	sno381kon	50.11608	12.22648	1235
95694 Mehlmeisel	sno076meh	49.9784229	11.8315585	1236
95695 Griesbach	sno398gri	49.86948	12.47954	1237
95695 Gro�konreuth	sno390gro	49.888222	12.43078	1238
95695 M�hring	sno391mae	49.908958	12.52806	1239
95695 Poppenreuth	sno386pop	49.898731	12.46357	1240
95697 Nagel	sno415nag	49.977371	11.92502	1241
95698 Neualbenreuth	sno383neu	49.978889	12.44166	1242
95698 Wernersreuth	sno382wer	49.966106	12.371741	1243
95703 Beidl	sno399bei	49.80722	12.26293	1244
95703 Pl��berg	sno400plo	49.785671	12.31045	1245
95704 Pullenreuth	sno385pul	49.930141	11.99889	1246
95709 Vordorferm�hle	sno403vor	50.45998	11.910708	1247
96106 Albersdorf	suf069alb	50.10487	10.69116	1248
96106 Ebern	suf070ebe	50.93208	10.79481	1249
96110 Sche�litz	sno053sch	49.975922	11.3105	1250
96110 W�rgau	sno049wue	49.979259	11.8979	1251
96123 Litzendorf	sno056lit	49.911369	11997	1252
96126 Maroldsweisach	suf050mar	50.19685	10.65933	1253
96129 Strullendorf	sno059str	49.846039	10.96656	1254
96132 Aschbach	sno040asc	49.771511	10.5622	1255
96135 Stegaurach	sno058ste	49.865089	10.83736	1256
96138 Treppendorf	sno060tre	49.926369	11.29829	1257
96142 Hollfeld	sno069hol	49.93684	11.29087	1258
96145 Se�lach	sno146ses	50.18906	10.84099	1259
96145 Unterelldorf	sno144unt	50.18932	10.79645	1260
96146 Altendorf	sno063alt	49.795898	11.1126	1261
96152 Burghaslach (=Glei�enberg)	smf003gle	49.733002	10.59907	1262
96152 Oberrimbach (=Unterrimbach)	smf002urb	49.727558	10.5364	1263
96157 Gro�gressingen	sno042gro	49.8310783	10.4797899	1264
96158 Herrnsdorf	sno062her	49.793251	10.88637	1265
96163 Gundelsheim	sno055gun	49.936829	10.92196	1266
96166 Kirchlauter	suf088kil	50.43091	10.71863	1267
96167 K�nigsfeld	sno044koe	0.49945	11.16103	1268
96167 Poxdorf	sno045pox	49.93618	11.12265	1269
96169 Lauter	sno051lau	49.972599	10.78616	1270
96172 M�hlhausen	smf006mul	49.75346	10.77545	1271
96173 Oberhaid	sno054obe	49.932442	10.80989	1272
96176 Pfarrweisach	suf051pfa	50.145229	10.73805	1273
96178 Steppach	sno061ste	49.773441	10.8081	1274
96179 M�rsbach	sno050mue	50.62801	10.86255	1275
96181 Falsbrunn	suf139fal	49.879238	10.59972	1276
96181 Geusfeld	suf121geu	49.886398	10.50002	1277
96184 Sendelbach	suf089sen	50.47031	10.8118	1278
96185 Sch�nbrunn	sno046sch	49.857521	10.68979	1279
96187 Steinfeld	sno047ste	49.977249	11.15899	1280
96193 Wachenroth	smf004wac	49.75071	10.7143	1281
96193 Weingartsgreuth	smf005wei	49.7379	10.73411	1282
96194 Walsdorf	sno057wal	49.870232	10.78234	1283
96196 Bojendorf	sno041boj	50.4398	11.17719	1284
96197 Wonsees	sno211won	49.976341	11.29941	1285
96215 Isling	sno226isl	50.101799	11.16351	1286
96215 Trieb	sno230tri	50.147301	11.13875	1287
96231 Grundfeld	sno225gru	50.122791	11.3394	1288
96231 Nedensdorf	sno231ned	50.115528	10.96961	1289
96231 Schwabthal	sno229sch	50.64457	11.73312	1290
96237 Ebersdorf	sno130ebe	50.220619	11.6928	1291
96242 Hassenberg	sno133has	50.25621	11.19009	1292
96250 Pr�chting	sno232pra	50499	10.98737	1293
96253 Untersiemau	sno147unt	50.194359	10.97224	1294
96253 Wei�enbrunn	sno139wei	50.200211	11.34629	1295
96257 Marktgraitz	sno227mar	50.182671	11.19755	1296
96260 Geutenreuth	sno224geu	50.8902	11.28621	1297
96260 Modschiedel	sno228mod	50.3344	11.26684	1298
96274 Kaltenbrunn	sno148kal	50.123932	10.87683	1299
96317 Kronach	sno203kro	50.241169	11.32735	1300
96328 Au	sno192aux	50.19915	11.29323	1301
96337 Ludwigsstadt	sno204lud	50.484901	11.38792	1302
96342 Burggrub	sno193bur	50.290932	11.26409	1303
96342 Ha�lach	sno207has	50.34275	11.30628	1304
96349 Steinwiesen	sno202ste	50.294022	11.46174	1305
96352 Steinberg	sno197ste	50.285221	11.36543	1306
96355 Langenau	sno206lan	50.434952	11.28977	1307
96355 Tettau	sno200tet	50.471272	11.25843	1308
96361 Steinbach am Wald	sno205ste	50.43269	11.36094	1309
96364 Seibelsdorf	sno196sei	50.224281	11.42421	1310
96365 Nordhalben	sno208nor	50.37373	11.51201	1311
96367 Tschirn	sno198tsc	50.39703	11.45104	1312
96465 Fechheim	sno131fec	50.27327	11.12168	1313
96465 Ketschenbach	sno134ket	50.333061	11.9592	1314
96476 Gauerstadt	sno132gau	50.30761	10.80464	1315
96476 Ro�feld	sno140ros	50.349319	10.74222	1316
96479 Weitramsdorf	sno143wei	50.255348	10.8792	1317
96482 Ahorn	sno144aho	50.236591	10.95199	1318
96484 Meeder	sno142mee	50.32085	10.90701	1319
96486 Rottenbach	sno141rot	50.38002	10.92619	1320
96486 Unterlauter	sno138unt	50.303391	10.9788	1321
96528 Almerswind	sno375alm	50.370609	11.1113	1322
97074 W�rzburg	suf149wue	49.783047	9.962298	1323
97084 Heidingsfeld	suf148hei	49.764301	9.94922	1324
97199 Erlach	suf165erl	49.707199	10.8037	1325
97199 Ochsenfurt	szf173och	49.66349	10.6589	1326
97215 Auernhofen	smf032aue	49.525799	10.10228	1327
97215 Welbhausen	smf033wel	49.526531	10.21167	1328
97225 Retzbach	suf114reb	49.90414	9.82096	1329
97228 Rottendorf	suf150rod	49.790371	10.2445	1330
97232 E�feld	suf172ess	49.670952	9.96063	1331
97234 Reichenberg	suf163rei	49.73101	9.91568	1332
97237 Oberaltertheim	suf161oah	49.72794	9.76613	1333
97239 Baldersheim / Burgerroth	suf182bal	49.551849	10.4325	1334
97241 Opferbaum	suf117opf	49.92416	10.7666	1335
97244 B�tthard	suf179bue	49.600079	9881	1336
97246 Eibelstadt	suf164eib	49.723831	10105	1337
97247 Obereisenheim	suf118oem	49.890991	10.17968	1338
97252 Frickenhausen am Main	suf174fri	49.670658	10.9396	1339
97253 Wolkshausen	suf180wol	49.626839	9.97689	1340
97258 Oberickelsheim	smf015obi	49.601238	10.13468	1342
97261 G�ntersleben	suf133gue	49.871391	9.89937	1343
97262 Erbshausen / Sulzwiesen	suf116erb	49.911041	10.10761	1344
97268 Gaub�ttelbrunn	suf171gab	49.637981	9.87548	1345
97271 Kleinrinderfeld	suf162kle	49.698818	9.84392	1346
97274 Leinach am Grabfeld		49.864101	9.80065	1347
97277 Neubrunn	suf160neb	49.731339	9.6733	1348
97279 P�ssensheim	suf135pue	49.877781	10.12216	1349
97282 Retzstadt	suf115res	49.9133	9.88243	1350
97283 Riedenheim	suf181rie	49.557919	9.97269	1351
97291 Erlabrunn	suf132erl	49.859859	9.8427	1352
97297 Ro�brunn	suf146ros	49.79604	9.75769	1353
97297 Waldb�ttelbrunn	suf147wab	49.787731	9.84244	1354
97334 Sommerach	suf136som	49.829121	10.20459	1355
97337 Dettelbach	suf151det	49.803589	10.15987	1356
97346 Dornheim	suf176dor	49.65353	10.32946	1357
97348 H�ttenheim in Bayern	suf175hue	49.648911	10.25766	1358
97355 Castell	suf167cas	49.742771	10.34866	1359
97357 Altensch�nbach	suf138alt	49.824009	10.39774	1360
97359 Stadtschwarzach	suf152ssw	49.79985	10.23037	1361
97421 Schweinfurt	suf083swe	50.45712	10.222006	1362
97437 Ha�furt	suf086has	50.3149	10.50647	1363
97440 Egenhausen	suf082ege	50.3186	10.9038	1364
97440 M�hlhausen	suf134mue	49.961472	10.5462	1365
97440 Zeuzleben	suf101zeu	49.976231	10.7715	1366
97447 Gerolzhofen	suf120geo	49.901829	10.34469	1367
97450 G�nheim	suf100gae	49.9665474	10.20614	1368
97450 Halsheim	suf099hal	49.960869	9.89774	1369
97453 L�ffelsterz	suf066loe	50.90881	10.36604	1370
97453 Mainberg	suf084mai	50.56252	10.28854	1371
97456 Hambach	suf064ham	50.99152	10.20769	1372
97461 R�gheim	suf067rue	50.10936	10.51146	1373
97461 Sulzbach	suf049sul	50.162628	10.59446	1374
97475 Krum	suf087kru	50.36789	10.58566	1375
97478 Knetzgau	suf106kne	49.99313	10.5481	1376
97478 Oberschwappach / Eschenau	suf105osw	49.969551	10.47645	1377
97486 K�nigsberg in Bayern	suf068koe	50.8186	10.56623	1378
97488 Stadtlauringen	suf047stl	50.187538	10.36053	1379
97490 Poppenhausen	suf063poh	50.100639	10.14414	1380
97491 Happertshausen	suf048hap	50.162769	10.46745	1381
97494 Bundorf	suf038bun	50.214298	10.52132	1382
97499 Donnersdorf	suf104don	49.970261	10.41712	1383
97500 Ebelsbach	suf107ebe	49.983871	10.67442	1384
97503 Gre�hausen	suf085gre	50.35961	10.38407	1385
97508 D�rrfeld	suf103due	49.9804	10.36403	1386
97509 Herlheim	suf119her	49.923382	10.2877	1387
97511 L�lsfeld	suf137lue	49.86763	10.3202	1388
97514 Dankenfeld	suf123dan	49.906269	10.67225	1389
97514 Fatschenbrunn	suf122fat	49.920422	10.59633	1390
97517 Rannungen	suf045ran	50.16581	10.20361	1391
97520 Heidenfeld	suf102hei	49.967659	10.2039	1392
97528 Sulzdorf an der Lederhecke	suf039sul	50.240082	10.56142	1393
97532 �chtelhausen	suf065uec	50.92171	10.27133	1394
97535 Burghausen	suf081buh	50.4385	9.99896	1395
97535 Wasserlosen	suf062was	50.94601	10.2986	1396
97616 Bad Neustadt an der Saale	suf025neu	50.320549	10.21509	1397
97618 Heustreu	suf017heu	50.353439	10.25801	1398
97618 R�delmaier	suf026roe	50.321609	10.27951	1399
97618 Wargolshausen	suf018war	50.361439	10.35619	1400
97618 Wollbach	suf016wol	50.36591	10.22355	1401
97631 Bad K�nigshofen	suf028koe	50.299999	10417	1402
97633 Gro�eibstadt	suf027ges	50.301048	10.41375	1403
97633 Irmelshausen	suf019irm	50.363548	10.47003	1404
97633 Trappstadt	suf029tra	50.31942	10.57068	1405
97638 Mellrichstadt	suf010mel	50.427959	10.30235	1406
97638 Sondheim im Grabfeld	suf011son	50.418091	10.38112	1407
97640 Stockheim	suf005sto	50.459332	10.2698	1408
97645 Ostheim vor der Rh�n	suf004ost	50.457779	10.23055	1409
97647 Roth	suf003ror	50.489189	10.11751	1410
97650 Leubach	suf001leu	50.535381	10.10274	1411
97650 Weimarschmieden	suf002wei	50.548679	10.19608	1412
97653 Haselbach in der Rh�n	suf007hal	50.39481	9.99523	1413
97654 Bastheim	suf009bas	50.401691	10.20389	1414
97656 Oberelsbach	suf008obe	50.441391	10.11958	1415
97657 Sandberg	suf014san	50.346699	10867	1416
97659 Burgwallbach	suf015bur	50.3568	10.10878	1417
97688 Poppenroth	suf033pop	50.22821	9.98792	1418
97702 M�nnerstadt	suf035mue	50.248981	10.19445	1419
97702 Wermerichshausen	suf036wer	50.240311	10.27304	1420
97705 Gef�ll	suf023gef	50.304749	9.98795	1421
97705 Oehrberg	suf032oeh	50.248798	9.92222	1422
97708 Steinach an der Saale	suf024ste	50.281601	10915	1423
97711 Ma�bach	suf046mas	50.18446	10.27552	1424
97714 Eltingshausen	suf044elt	50.160149	10.11976	1425
97717 Euerdorf	suf043eue	50.14851	10.2342	1426
97720 N�dlingen	suf034nue	50.219929	10.11927	1427
97723 Thulba	suf042thu	50.181561	9.92193	1428
97737 Gem�nden am Main	suf078gem	50.57159	9.68944	1429
97753 Karlstadt am Main	suf098kar	49.959759	9.7672	1430
97762 Gauaschach	suf080gau	50.47119	9.92631	1431
97762 Hammelburg	suf061ham	50.11591	9.8896	1432
97772 Oberbach	suf013oba	50.349171	9.88257	1433
97775 Burgsinn	suf040bus	50.147388	9.64972	1434
97779 Geroda	suf022ger	50.280109	9.89456	1435
97780 G�ssenheim	suf079goe	50.19821	9.78097	1436
97782 Schonderfeld	suf059son	50.1060569	9.7225316	1437
97782 Weickersgr�ben	suf060wei	50.101398	9.79192	1438
97786 Kothen	suf012kot	50.372002	9.76675	1439
97786 Motten	suf006mot	50.3835555	9.6999173	1440
97788 Neuendorf	suf077neu	50.36999	9.64593	1441
97789 Mitgenfeld	suf021mit	50.292019	9.83104	1442
97791 Obersinn	suf030obs	50.209709	9.61524	1443
97794 Rieneck	suf058rie	50.92999	9.64858	1444
97797 Wartmannsroth	suf041war	50.16629	9.78794	1445
97799 Ro�bach	suf031ros	50.242199	9.68821	1446
97799 Zeitlofs	suf020zei	50.260281	9.67298	1447
97816 Lohr am Main	suf096loh	49.994869	9.57234	1448
97816 Ruppertsh�tten	suf057rup	50.8176	9.54424	1449
97828 Marktheidenfeld	suf130mhd	49.844669	9.60305	1450
97828 Zimmern / Rothenfels	suf112zim	49.896751	9.59218	1451
97833 Frammersbach	suf056fra	50.63919	9.47076	1452
97834 Birkenfeld	suf131bir	49.85804	9.69494	1453
97839 Esselbach	suf129ess	49.852718	9.52884	1454
97846 Partenstein	suf076par	50.41111	9.51712	1455
97848 Rechtenbach	suf095rec	49.98381	9507	1456
97852 Schollbrunn	suf128sol	49.833333	9.466667	1457
97854 Steinfeld	suf097ste	49.95234	9.67169	1458
97855 Homburg am Main	suf145hom	49.791981	9.61905	1459
97857 Urspringen	suf113urs	49.90218	9.67276	1460
97859 Wiesthal	suf075wie	50.3327	9.42905	1461
97892 Kreuzwertheim	suf144kre	49.76633	9.51568	1462
97903 Fechenbach	suf142fec	49.771549	9.33412	1463
97906 Faulbach	suf143fau	49.78409	9.44092	1464
98646 Adelhausen	sno129ade	50.36631	10.7508	1465
98663 Ummerstadt	sno137umm	50.25913	10.81176	1466
98673 Herbartswind	sno371her	50.400002	10.9	1467
98743 Spechtsbrunn	sno370spe	50.49398	11.2554	1468
Brandner Hegerhaus		49.7801281	12.4976646	1469
Eichlberg		49.83672	11.71389	1470
93413 Cham		49.218073	12.666118	
92545 Niedermurach 		49.450278	12.378056	
92072 Aigen		48.308889	13.262222	
92421 Schwandorf		49.328333	12.11	
86356 Ottmarshausen	sbs120omh	48.392662729	10.8081926567	
86507 Oberottmarshausen	sbs155oot	48.218467505	10.8637268352	
86415 Mering	sbs158mer	48.2665922764	11.0028727714	
86937 Scheuring	sbs170seu	48.1602078211	10.889424436	
82290 Landsberied	sbs174mam	48.1600739668	11.1731152002	
87700 Dickenreishausen	sbs219dik	47.9788222336	10.1630742166	
87760 Lachen	sbs221lac	47.9427571721	10.2454808306	
87634 Obergünzburg	sbs237ogu	47.8505596914	10.4387167043	
87665 Frankenried	sbs241fra	47.8741263508	10.6715037138	
97258 Bullenheim	smf016bul	49.5849016782	10.1587779012	
91587 Tauberzell	smf047tbz	49.4515916225	10.1491236847	
90556 Seckendorf	smf055sek	49.4588120382	10.8495468391	
90763 Dambach	smf057dam	49.4561760518	10.9940068682	
90425 Großreuth	smf058reu	49.4770471271	11.0651739976	
90571 Schwaig	smf059swg	49.4909221395	11.2009691358	
90475 Fischbach	smf074fis	49.4277368539	11.2036842996	
91541 Rothenburg	smf079rob	49.3696393298	10.1582700328	
91189 Rohr	smf087roh	49.3419868571	10.9278943094	
91189 Prünst	smf088pru	49.3419868571	10.9278943094	
91522 Elpersdorf	smf099elp	49.2921931121	10.5637176661	
90559 Unterferrieden	smf106ufr	49.3387308105	11.3289693772	
91567 Stegbruck	smf111stg	49.2278817851	10.4814663782	
91555 Feuchtwangen	smf121feu	49.1752966472	10.3213499058	
91720 Kalbensteinberg	smf127ksb	49.1582103193	10.8609481719	
91805 Dinkelsbühl	smf134dkb	48.9332333422	10.7296199549	
91710 Sinderlach	smf138sin	49.1109098045	10.7283876039	
91710 Unterasbach	smf139aus	49.1109098045	10.7283876039	
91801 Markt Berolzheim	smf152mbe	49.0069138476	10.836558946	
91793 Alesheim	smf153ale	49.0391218714	10.8687479544	
91793 Trommetsheim	smf154 tro	49.0391218714	10.8687479544	
91790 Raitenbuch	smf156rai	49.0282953062	11.1198810371	
91171 Esselberg	smf157ess	49.0596716617	11.3283072805	
91171 Kaising	smf158kai	49.0596716617	11.3283072805	
91719 Hechlingen	smf160hec	48.9957513917	10.7442426786	
91781 Dettenheim	smf162det	49.0155657462	10.9868838312	
91805 Döckingen	smf163dok	48.9332333422	10.7296199549	
91757 Möhren	smf164mor	48.9574993752	10.8700790173	
91757 Dietfurt	smf165dft	48.9574993752	10.8700790173	
91799 Langenaltheim	smf166lah	48.8947005975	10.9161238881	
91788 Bieswang	smf167bwg	48.9397083656	11.0036423762	
94267 Moosbach	snb004mos	49.1021255836	12.8215872858	
94267 Zell	snb005zel	49.1021255836	12.8215872858	
94227 Scheureck	snb011sek	49.0491546276	13.2810910225	
93339 Baiersdorf	snb023bdo	48.9692224826	11.6907255759	
94209 March	snb031mar	48.9699370823	13.1223243702	
94158 Philippsreut	snb054phi	48.8786222499	13.6732910054	
94330 Aiterhofen	snb062ait	48.8417767965	12.628185829	
94133 Kumreut	snb094kum	48.7533261393	13.5166386013	
94089 Neureichenau	snb097nre	48.7538434044	13.7655745899	
94496 Ortenburg	snb176ort	48.5545889019	13.2181894554	
94094 Rotthalmünster	snb214rmu	48.3603833269	13.1917636144	
94072 Würding	snb216wur	48.3376310612	13.3035624123	
92280 Utzenhofen	sno010utz	49.3649067947	11.6885561557	
92272 Etsdorf	sno027ets	49.4685187732	11.9690604032	
92280 Lastl/Wolfsfeld	sno028kas	49.3649067947	11.6885561557	
92249 Vilseck	sno038vil	49.6118821252	11.7984864387	
95369 Untersteinach	sno048unt	50.1356877978	11.5179375884	
95497 Goldkronach	sno064gol	50.006205322	11.7030018383	
95466 Görschnitz	sno065goe	49.9383939867	11.7359566785	
91257 Buchau	sno066buc	49.7402069935	11.5241556921	
95497 Nemmersdorf	sno074nem	50.006205322	11.7030018383	
93413 Cham	sno095cha	49.2099730161	12.6656652065	
93449 Höll	sno099hoe	49.3679033903	12.6973243587	
93476 Blaibach	sno122bla	49.1625958525	12.8147170397	
96479 Neundorf	sno135neu	50.248102835	10.8726639159	
95180 Tiefengrün	sno166tie	50.3803374547	11.7801720495	
95138 Carlsgrün	sno168car	50.3579920568	11.6362717055	
95119 Hölle/Brand	sno170hoe	50.3229031243	11.6866217645	
95111 Wurlitz	sno184wur	50.2465800325	12.058357084	
95111 Rehau	sno185reh	50.2465800325	12.058357084	
95213 Münchberg	sno186mue	50.1955165627	11.7626670019	
96352 Effelter	sno194eff	50.3185803363	11.3833601497	
96355 Kleintettau	sno201kle	50.4516082686	11.2774586931	
95355 Wartenfels	sno212war	50.2325920449	11.5432433788	
95336 Willmersreuth	sno218wil	50.1055188331	11.3543044978	
95509 Marktschorgast	sno221mar	50.0968988509	11.6535337755	
92685 Floß	sno234flo	49.7256887693	12.2778088236	
92665 Kirchdemenreuth	sno242kir	49.7530210463	12.1160719188	
92655 Gössenreuth/Grafenwöhr	sno247goe	49.6839776472	11.8007727559	
92690 Dießfurt	sno248die	49.7680072801	11.9740626481	
92711 Hammerles	sno250ham	49.7336537283	12.0573226987	
92726 Reichenau	sno262rei	49.6512455095	12.4925256797	
92648 Vohenstrauß	sno267voh	49.6208577937	12.3277763087	
92723 Tännesberg	sno270tae	49.53510963	12.3287486023	
92318 Neumarkt	sno272neu	49.2824999674	11.4729749167	
92283 Lauterhofen	sno279lau	49.372773876	11.5652264926	
92353 Postbauer	sno282pos	49.2898596122	11.35444665	
93059 Stadtamhof	sno299sta	49.0313245587	12.0849379972	
92545 Niedermurach	sno335nie	49.4448749966	12.360863621	
92536 Pfreimd	sno337pfr	49.5008646445	12.2036887341	
92421 Schwandorf	sno338sch	49.3171185193	12.0833666736	
92533 Oberköblitz	sno340obe	49.5410815674	12.158989288	
92533 Wernberg	sno341wer	49.5410815674	12.158989288	
92543 Unteraich	sno348unt	49.4589702484	12.2852802729	
92549 Stadlern	sno352sta	49.5030916939	12.6250124371	
92269 Dürnsricht	sno353due	49.406471561	12.0396151187	
92421 Ettmannsdorf	sno358ett	49.3171185193	12.0833666736	
93133 Burglengenfeld	sno364bur	49.2278922688	12.0036263249	
95652 Münchenreuth	sno377mue	50.0152044583	12.3155824152	
95652 Hundsbach	sno378hun	50.0152044583	12.3155824152	
92637 Weiden	sno402wei	49.6747055043	12.1710697569	
95691 Hohenberg	sno404hoh	50.1024390468	12.1880085182	
95168 Marktleuthen	sno408mar	50.1227360006	12.0178085112	
95615 Marktredwitz	sno416mar	50.0103232251	12.1014727605	
95158 Kirchenlamitz	sno417kir	50.1525890961	11.9505850633	
85110 Hirnstetten	sob004hir	48.9389183865	11.3826619484	
91795 Obereichstätt	sob008oei	48.8706708056	11.0909002692	
91804 Mörnsheim	sob015moe	48.856332671	11.0116849929	
85111 Biesenhard	sob016bid	48.844239029	11.2037688577	
85122 Hitzhofen	sob018hzh	48.8746401299	11.3158820653	
86643 Rennertshofen	sob023ren	48.7731601154	11.0478394406	
91809 Wellheim	sob024wlm	48.8189599469	11.0996587494	
86666 Burgheim	sob031bhm	48.6908451136	11.0384430072	
86701 Ergertshausen	sob032erg	48.6886480329	11.1642565063	
86633 Bittenbrunn	sob033bit	48.7363818394	11.1949237979	
86676 Ehekirchen	sob040ehk	48.6376925154	11.0978380607	
85290 Parleiten	sob045par	48.6838524233	11.6199707345	
86669 Klingsmoos	sob047klm	48.6512515696	11.1953067115	
86529 Edelshausen	sob049edh	48.5718146046	11.2337047502	
85302 Junkenhofen	sob064jun	48.48947719	11.355709393	
85250 Hohenzell	sob084hzl	48.3896817928	11.2378633044	
86931 Prittriching	sob117pri	48.2004429425	10.9255455551	
82278 Althegnenberg	sob118ahg	48.2259196134	11.070433653	
82294 Oberschweinbach	sob119osw	48.2405231738	11.1466548492	
82291 Mammendorf	sob120mam	48.2075590062	11.1611193515	
80995 Feldmoching	sob125fmo	48.217157311	11.5149477676	
86836 Obermeitingen	sob140omt	48.1695491022	10.8293762457	
86937 Scheuring	sob141seu	48.1602078211	10.889424436	
86947 Beuerbach	sob142beb	48.1234427007	10.947368799	
82272 Dünzelbach-Steinbach	sob143due	48.1615810905	11.064262451	
82287 Jesenwang	sob144jes	48.1631342413	11.1335166679	
82290 Landsberied	sob144lbr	48.1600739668	11.1731152002	
82256 Aich	sob146aih	48.1804254202	11.232804933	
82296 Schöngeising	sob147soe	48.1342654843	11.2050794336	
81245 Aubing	sob149aub	48.1607059694	11.4418473581	
80639 München-Nord	sob151mno	48.1509055143	11.509219185	
81829 Riem-Daglfing	sob152rda	48.1338013027	11.6883071515	
85551 Kirchheim/Heimstetten	sob153khm	48.1821447954	11.7510068213	
86916 Kaufering	sob165kfg	48.0989049726	10.8721043587	
86947 Schöffelding	sob167soe	48.1234427007	10.947368799	
82299 Türkenfeld	sob168tfd	48.1083862218	11.0938096093	
82266 Inning am Ammersee	sob169ing	48.0724279705	11.1565896261	
82284 Grafrath	sob170grf	48.1229801597	11.1669804542	
82152 Planegg/Martinsried	sob173pla	48.1009321465	11.3994282538	
81377 Großhadern/Forstenried	sob174gfo	48.1102093425	11.493310889	
85560 Ebersberg/Oberndorf	sob179ebe	48.1105384601	11.9506456485	
86859 Holzhausen	sob189hol	48.0661722043	10.80662354	
86899 Ellighofen	sob190elo	48.0348345905	10.8610577583	
86899 Landsberg am Lech	sob191lbl	48.0348345905	10.8610577583	
86940 Schwifting	sob192swi	48.0436042498	10.9395280373	
86923 Entraching	sob193ent	48.0211876141	11.0132090934	
86938 Oberschondorf	sob194osd	48.0528929362	11.0864479101	
82229 Oberalting/Seefeld	sob195oal	48.0364168347	11.2238881973	
82319 Leutstetten/Gauting/Wangen	sob197leu	48.0102743852	11.3325258651	
82041 Oberhaching/Deisenhofen	sob199oha	48.0037159235	11.5813504508	
86925 Asch	sob213asc	47.9331599758	10.822723409	
86932 Lengenfeld	sob214lfl	48.0065222926	10.9173282243	
86911 Dettenhofen	sob215deh	47.9531496527	11.0498161942	
86911 Diessen am Ammersee	sob216dis	47.9531496527	11.0498161942	
82211 Herrsching am Ammersee	sob217her	48.0079482167	11.1660822005	
86920 Denklingen	sob237dkl	47.8884783366	10.840170116	
86934 Ludenhausen	sob238lud	47.93043376	10.937083766	
82405 Wessobrunn	sob239wes	47.8628348462	11.0237690687	
82396 Pähl	sob240pae	47.9204464349	11.1724776379	
83339 Chieming	sob255chm	47.9140839594	12.5394121499	
86980 Ingenried	sob262inr	47.8078734884	10.7846948827	
86972 Altenstadt	sob263ast	47.8227418412	10.859444029	
86978 Hohenfurch	sob264hfh	47.8540189255	10.8969057404	
86971 Birkland	sob265brk	47.801011477	10.9351728042	
82362 Weilheim	sob266wob	47.8442213578	11.1455481036	
83135 Deutenhausen/Marnbach	sob267dma	47.9262373183	12.1197422952	
82549 Königsdorf/Osterhofen	sob270koe	47.8125478601	11.4665617543	
86971 Peiting	sob286ptg	47.801011477	10.9351728042	
82383 Hohenpeißenberg	sob287hpg	47.8017150986	11.006629948	
82380 Peißenberg	sob288psb	47.7994274346	11.0677413187	
82386 Huglfing	sob289hug	47.7639029089	11.124969598	
86975 Bernbeuren	sob308bbe	47.7297124121	10.7678197038	
86989 Steingaden	sob309stg	47.7081779949	10.8673653143	
82401 Rottenbuch/Böbing	sob311rot	47.6958776973	10.9658197377	
82449 Schöffau	sob313soe	47.7086772826	11.1077764215	
82433 Bad Kohlgrub	sob327bko	47.6644455251	11.0739150377	
82497 Unterammergau	sob339uag	47.6146389238	11.0206886067	
97633 Leinach am Grabfeld	suf037lei	50.3115900368	10.444054335	
97355 Rüdenhausen	suf153rue	49.7577023505	10.3383705168	
97355 Abtswind	suf154abt	49.7577023505	10.3383705168	
96160 Geiselwind	suf155gei	49.7755009638	10.4784899001	
97318 Kitzingen	suf166kit	49.7452335886	10.1380437732	
87477 Sulzberg	tir014sul	47.6594568641	10.3556027806	
87497 Wertach	tir017wet	47.5840495792	10.4119193347	
00000 Schwaderbach	sno369sch	50.373889	12.503056	
86235 Pfaffenhofen	sbs144pff	48.529722	11.506667	
94072 Aigen	snb215aig	48.308889	13.262222	
96465 Neustadt bei Coburg	sno136neu	50.328889	11.121111	
91281 Kirchenthumbach	sno245kir	49.75	11.716667	
